-- phpMyAdmin SQL Dump
-- version 4.5.1
-- http://www.phpmyadmin.net
--
-- Host: localhost:3306
-- Generation Time: Apr 21, 2016 at 10:25 AM
-- Server version: 5.1.54
-- PHP Version: 5.6.14

SET SQL_MODE = "NO_AUTO_VALUE_ON_ZERO";
SET time_zone = "+00:00";


/*!40101 SET @OLD_CHARACTER_SET_CLIENT=@@CHARACTER_SET_CLIENT */;
/*!40101 SET @OLD_CHARACTER_SET_RESULTS=@@CHARACTER_SET_RESULTS */;
/*!40101 SET @OLD_COLLATION_CONNECTION=@@COLLATION_CONNECTION */;
/*!40101 SET NAMES utf8 */;

--
-- Database: `maps`
--

-- --------------------------------------------------------

--
-- Table structure for table `clinics`
--

CREATE TABLE `clinics` (
  `id` int(11) NOT NULL,
  `name` text NOT NULL,
  `added_on` timestamp NOT NULL DEFAULT CURRENT_TIMESTAMP ON UPDATE CURRENT_TIMESTAMP,
  `address1` text NOT NULL,
  `address2` text NOT NULL,
  `city` text NOT NULL,
  `state` text NOT NULL,
  `zip` text NOT NULL,
  `phone` text NOT NULL
) ENGINE=MyISAM DEFAULT CHARSET=utf8;

--
-- Dumping data for table `clinics`
--

INSERT INTO `clinics` (`id`, `name`, `added_on`, `address1`, `address2`, `city`, `state`, `zip`, `phone`) VALUES
(1, 'West End Clinic', '2015-12-18 17:53:21', '16 Blossom Street', '', 'Boston', 'Massachusetts', '02114', '(617) 724-7792'),
(2, 'ARMS', '2015-12-18 17:54:18', '151 Merrimac Street', '', 'Boston', 'Massachusetts', '02114', '(617) 643-4699');

-- --------------------------------------------------------

--
-- Table structure for table `events`
--

CREATE TABLE `events` (
  `id` int(11) NOT NULL,
  `title` varchar(255) COLLATE utf8_bin NOT NULL,
  `start` datetime DEFAULT NULL,
  `end` datetime DEFAULT NULL,
  `user` int(11) DEFAULT NULL,
  `clinician` int(11) DEFAULT NULL,
  `url` varchar(255) COLLATE utf8_bin DEFAULT NULL,
  `allday` varchar(255) COLLATE utf8_bin DEFAULT 'false',
  `survey_parent` int(11) DEFAULT NULL,
  `survey_patient` int(11) DEFAULT NULL,
  `noshow` int(11) NOT NULL DEFAULT '0'
) ENGINE=InnoDB DEFAULT CHARSET=utf8 COLLATE=utf8_bin;

--
-- Dumping data for table `events`
--

INSERT INTO `events` (`id`, `title`, `start`, `end`, `user`, `clinician`, `url`, `allday`, `survey_parent`, `survey_patient`, `noshow`) VALUES
(7, 'Event 1', '2015-07-15 02:00:00', '2015-07-15 03:00:00', 4, 7, 'http://www.google.com', 'false', 0, 0, 0),
(8, 'Event 2', '2015-07-31 03:00:00', '2015-07-31 04:00:00', 5, 8, 'http://www.harvard.edu', 'false', 0, 0, 0),
(9, 'Event 3', '2015-07-31 03:00:00', '2015-07-31 04:00:00', 5, 8, 'http://www.harvard.edu', 'false', 0, 0, 0),
(10, 'Event 4', '2015-07-15 02:00:00', '2015-07-15 03:00:00', 4, 7, 'http://www.google.com', 'false', 0, 0, 0),
(12, 'Caitlin Regan', '0000-00-00 00:00:00', '0000-00-00 00:00:00', 12, 5, '', 'false', 0, 0, 0),
(18, 'Nate Kelly', '2015-09-14 00:00:00', '2015-09-14 16:00:00', 3, 5, '', 'false', 0, 0, 0),
(19, 'Erin Regan', '2015-09-11 11:17:00', '2015-09-11 11:18:00', 4, 5, '', 'false', 0, 0, 0),
(20, 'Caitlin', '2015-09-19 00:00:00', '2015-09-11 11:02:00', 3, 5, '', 'false', 0, 0, 0),
(21, 'Caitlin', '0000-00-00 00:00:00', '0000-00-00 00:00:00', 0, 0, '', 'false', 0, 0, 0),
(22, 'Caitlin 2', '2015-09-17 14:53:00', '2015-09-17 14:53:00', 3, 5, '', 'false', 0, 0, 0),
(23, 'asdf', NULL, NULL, NULL, NULL, NULL, 'false', NULL, NULL, 0),
(24, 'THURSDAY', '2015-09-17 16:03:00', '2015-09-17 16:03:00', 3, 5, NULL, 'false', NULL, NULL, 0),
(25, 'FRIDAY', '2015-09-17 16:05:00', '2015-09-17 16:05:00', 8, 8, NULL, 'false', NULL, NULL, 0),
(26, 'FRIDAY', '2015-09-18 16:07:00', '2015-09-18 16:07:00', 4, 5, NULL, 'false', NULL, NULL, 0),
(27, 'Nate', '2015-09-29 09:24:00', '2015-09-29 11:24:00', 0, 0, NULL, 'false', NULL, NULL, 0),
(28, 'Nathaniel', '2015-10-06 12:52:00', '2015-10-06 15:52:00', 0, 0, NULL, 'false', NULL, NULL, 0),
(29, 'TEST', '2015-10-08 02:48:00', '2015-10-08 02:48:00', 14, 15, NULL, 'false', NULL, NULL, 0),
(30, 'Erin''s Test Appointment', '2015-10-09 09:30:00', '2015-10-09 10:30:00', 14, 5, NULL, 'false', NULL, NULL, 0),
(31, 'Nathaniel', '2015-10-29 11:23:00', '2015-10-29 16:23:00', 14, 5, NULL, 'false', NULL, NULL, 0),
(32, 'Appointment for Caitlin Regan', '2015-12-02 12:18:00', '2015-12-02 13:18:00', 3, 5, NULL, 'false', NULL, NULL, 0),
(33, 'TEST', '2015-12-17 08:12:00', '2015-12-17 08:12:00', 3, 19, NULL, 'false', NULL, NULL, 0),
(34, 'Caitlin Regan', '2015-12-20 23:42:00', '2015-12-20 23:42:00', 3, 15, NULL, 'false', NULL, NULL, 0),
(35, 'Caitlin Regan', '2015-12-21 23:53:00', '2015-12-21 23:54:00', 3, 15, NULL, 'false', NULL, NULL, 0),
(36, 'Caitlin Regan', '2015-12-22 15:52:00', '2015-12-22 15:52:00', 3, 19, NULL, 'false', NULL, NULL, 0),
(37, 'Nate', '2015-12-23 13:28:00', '2015-12-23 13:28:00', 20, 19, NULL, 'false', NULL, NULL, 0),
(38, 'Caitlin Regan', '2016-02-08 15:44:00', '2016-02-08 15:44:00', 3, 19, NULL, 'false', NULL, NULL, 0),
(39, 'Caitlin Regan', '2016-02-09 16:21:00', '2016-02-09 16:21:00', 0, 0, NULL, 'false', NULL, NULL, 1),
(40, 'Caitlin Regan', '2016-02-10 17:04:00', '2016-02-10 17:04:00', 3, 19, NULL, 'false', NULL, NULL, 0),
(41, 'Erin Regan', '2016-03-03 19:49:00', '2016-03-03 20:51:00', 0, 0, NULL, 'false', NULL, NULL, 1),
(42, 'Caitlin Regan', '2016-03-03 10:15:00', '2016-03-03 11:16:00', 3, 19, NULL, 'false', NULL, NULL, 0),
(43, 'Max Regan', '2016-03-27 23:41:00', '2016-03-27 23:41:00', 30, 19, NULL, 'false', NULL, NULL, 0);

-- --------------------------------------------------------

--
-- Table structure for table `junction_relationships`
--

CREATE TABLE `junction_relationships` (
  `id` int(11) NOT NULL,
  `patient_id` int(11) NOT NULL,
  `relationship_id` int(11) NOT NULL
) ENGINE=MyISAM DEFAULT CHARSET=utf8;

--
-- Dumping data for table `junction_relationships`
--

INSERT INTO `junction_relationships` (`id`, `patient_id`, `relationship_id`) VALUES
(42, 20, 14),
(38, 14, 14),
(40, 14, 2),
(39, 14, 2),
(43, 20, 30);

-- --------------------------------------------------------

--
-- Table structure for table `roles`
--

CREATE TABLE `roles` (
  `role_id` int(11) NOT NULL,
  `role_name` text NOT NULL
) ENGINE=MyISAM DEFAULT CHARSET=utf8;

--
-- Dumping data for table `roles`
--

INSERT INTO `roles` (`role_id`, `role_name`) VALUES
(1, 'Director'),
(2, 'Clinician'),
(3, 'Patient'),
(4, 'Staff');

-- --------------------------------------------------------

--
-- Table structure for table `surveystatus`
--

CREATE TABLE `surveystatus` (
  `surveystatus_id` int(11) NOT NULL,
  `surveystatus_name` int(11) NOT NULL
) ENGINE=MyISAM DEFAULT CHARSET=utf8;

-- --------------------------------------------------------

--
-- Table structure for table `survey_admin`
--

CREATE TABLE `survey_admin` (
  `id` bigint(20) UNSIGNED NOT NULL,
  `prefix` text NOT NULL,
  `name` text,
  `firstname` text NOT NULL,
  `lastname` text NOT NULL,
  `email` text,
  `password` text,
  `added_on` timestamp NULL DEFAULT NULL,
  `last_seen` timestamp NULL DEFAULT NULL,
  `permissions` text,
  `status` varchar(20) DEFAULT NULL,
  `dob` text NOT NULL,
  `profession` text NOT NULL,
  `gender` text NOT NULL,
  `clinic` int(11) NOT NULL,
  `role` int(11) NOT NULL,
  `clinician` int(11) NOT NULL,
  `address1` text NOT NULL,
  `address2` text NOT NULL,
  `city` text NOT NULL,
  `state` text NOT NULL,
  `zip` text NOT NULL,
  `relationships` text NOT NULL
) ENGINE=MyISAM DEFAULT CHARSET=utf8;

--
-- Dumping data for table `survey_admin`
--

INSERT INTO `survey_admin` (`id`, `prefix`, `name`, `firstname`, `lastname`, `email`, `password`, `added_on`, `last_seen`, `permissions`, `status`, `dob`, `profession`, `gender`, `clinic`, `role`, `clinician`, `address1`, `address2`, `city`, `state`, `zip`, `relationships`) VALUES
(1, '', 'Super Admin', 'Erin', 'Regan', 'skylerdesign@gmail.com', 'f830595a76787dc2744038850ea12afcf15003db', '2015-08-26 18:01:43', '2015-08-26 18:01:43', 'a:2:{s:18:"can_manage_surveys";s:1:"y";s:17:"can_manage_admins";s:1:"y";}', 'active', '0000-00-00', '', '', 0, 0, 0, '', '', '', '', '', ''),
(2, '', 'Devon Regan', 'Devon', 'Regan', 'devon@gmail.com', 'b49b16e953339718c959a60fe00682b2', '2015-08-31 02:07:36', '2015-08-31 02:07:36', 'N;', 'active', '2/3/1999', '', '', 0, 3, 19, '', '', '', '', '', ''),
(20, '', 'Copper Regans', 'Copper', 'Regan', 'clinic2@gmail.com', 'dd78d1e8649b64df6b3bd83835e1a4c7', '2015-12-17 06:40:15', '2015-12-17 06:40:15', 'N;', 'active', '12/16/2015', '', '', 0, 3, 19, '28 July Road', 'Floor 1', 'Sudbury', '01776', '01776', ''),
(3, '', 'Caitlin Regan', 'Caitlin', 'Regan', 'caitlin@gmail.com', 'b49b16e953339718c959a60fe00682b2', '2015-08-31 02:31:33', '2015-08-31 02:31:33', 'N;', 'active', '04/29/2001', '', '', 0, 3, 5, '', '', '', '', '', ''),
(31, '', 'Clinician Test', 'Test', 'Dummy', 'c@c.com', 'f830595a76787dc2744038850ea12afcf15003db', '2016-01-26 09:53:31', '2016-01-26 09:53:31', 'N;', 'active', '', '', '', 2, 2, 0, '', '', '', '', '', ''),
(4, '', 'Haley Regan', 'Haley', 'Regan', 'haley@gmail.com', 'b49b16e953339718c959a60fe00682b2', '2015-08-31 03:05:02', '2015-08-31 03:05:02', 'N;', 'active', '', '', '', 0, 4, 0, '', '', '', '', '', ''),
(5, '', 'Doctor', 'Doctor', 'Doctor', 'doctor@gmail.com', 'b49b16e953339718c959a60fe00682b2', '2015-08-31 03:21:27', '2015-08-31 03:21:27', 'N;', 'active', '0000-00-00', '', '', 2, 2, 0, '', '', '', '', '', ''),
(8, '', 'Nate', 'Nate Kelly', 'Kelly', 'NWKELLY@mgh.harvard.edu', '42b964a1b082ac9411f553b60dc8181ee857a512', '2015-09-14 20:01:40', '2015-09-14 20:01:40', 'a:2:{s:18:"can_manage_surveys";s:1:"y";s:17:"can_manage_admins";s:1:"y";}', 'active', '0000-00-00', '', '', 0, 4, 0, '', '', '', '', '', ''),
(9, '', 'Dr. John Kelly', 'John', 'Kelly', 'JKELLY11@MGH.HARVARD.EDU', '673250820e4dec086a9dcdb341135546', '2015-09-15 17:45:59', '2015-09-15 17:45:59', 'N;', 'active', '0000-00-00', '', '', 2, 1, 0, '', '', '', '', '', ''),
(10, '', 'Dummy User', 'Dummy', 'User', 'dummy@gmail.com', 'b49b16e953339718c959a60fe00682b2', '2015-09-15 17:47:37', '2015-09-15 17:47:37', 'N;', 'active', '0000-00-00', '', '', 0, 4, 0, '', '', '', '', '', ''),
(12, '', 'Copper Regan', 'Copper', 'Regan', 'copper@gmail.com', 'b49b16e953339718c959a60fe00682b2', '2015-09-17 23:44:08', '2015-09-17 23:44:08', 'a:2:{s:18:"can_manage_surveys";s:1:"y";s:17:"can_manage_admins";s:1:"y";}', 'active', '0000-00-00', '', '', 0, 0, 0, '', '', '', '', '', ''),
(13, '', 'Robert', 'Robert', 'K', 'robertnduati.karanja@gmail.com', '4cf0215cf629f9b79f54359aaf42f9f5', '2015-09-21 18:05:18', '2015-09-21 18:05:18', 'N;', 'active', '0000-00-00', '', '', 2, 1, 0, '', '', '', '', '', ''),
(14, '', 'Erin Regan', 'Erin', 'Regan', 'skylerdesign2@gmail.com', 'dd78d1e8649b64df6b3bd83835e1a4c7', '2015-10-08 08:59:31', '2015-10-08 08:59:31', 'N;', 'active', '01/26/1983', '', '', 0, 3, 19, '28 July Road', '', 'Sudbury', 'mass', '01776', ''),
(15, '', 'Clinician Name', 'Clinician', 'Name', 'clinic@gmail.com', 'b49b16e953339718c959a60fe00682b2', '2015-10-08 09:08:59', '2015-10-08 09:08:59', 'N;', 'active', '0000-00-00', '', '', 2, 2, 0, '', '', '', '', '', ''),
(16, '', 'Staff Test', 'Staff', 'Test', 'staff@gmail.com', 'b49b16e953339718c959a60fe00682b2', '2015-10-08 09:16:04', '2015-10-08 09:16:04', 'a:2:{s:18:"can_manage_surveys";s:1:"y";s:17:"can_manage_admins";s:1:"y";}', 'active', '0000-00-00', '', '', 0, 4, 0, '', '', '', '', '', ''),
(17, '', 'Staff 2', 'Super Admin', '2', 'staff2@gmail.com', 'b49b16e953339718c959a60fe00682b2', '2015-10-08 09:16:52', '2015-10-08 09:16:52', 'N;', 'active', '0000-00-00', '', '', 0, 4, 0, '', '', '', '', '', ''),
(18, '', 'Director Man', 'Director', 'Man', 'director@gmail.com', 'b49b16e953339718c959a60fe00682b2', '2015-10-08 09:21:32', '2015-10-08 09:21:32', 'N;', 'active', '0000-00-00', '', '', 1, 1, 0, '', '', '', '', '', ''),
(19, '', 'Happy Gilmore', 'Happy', 'Gilmore', 'happy@gilmore.com', 'b49b16e953339718c959a60fe00682b2', '2015-12-08 07:19:39', '2015-12-08 07:19:39', 'N;', 'active', '', '', '', 1, 2, 0, '', '', '', '', '', ''),
(28, '', 'Dr. Zhivago', 'Doctor', 'Zhivago', 'dr@gmail.com', 'f830595a76787dc2744038850ea12afcf15003db', '2016-01-26 09:44:49', '2016-01-26 09:44:49', 'N;', 'active', '', '', '', 2, 2, 0, '', '', '', '', '', ''),
(29, '', 'Staff Staff', 'Staff', 'Staff', 'staff@gmial.com', 'f830595a76787dc2744038850ea12afcf15003db', '2016-01-26 09:45:36', '2016-01-26 09:45:36', 'a:2:{s:18:"can_manage_surveys";s:1:"n";s:17:"can_manage_admins";s:1:"n";}', 'active', '', '', '', 0, 4, 0, '', '', '', '', '', ''),
(30, '', 'Max Regan', 'Max', 'Regan', 'maxregan@gmail.com', '69cc8a4eedf8ed0281711560f0746c4f5023afac', '2016-01-26 09:51:27', '2016-01-26 09:51:27', 'N;', 'active', '', '', '', 0, 3, 5, '', '', '', '', '', ''),
(36, '', 'Test', 'Test', 'Test', 'cccccccc@gmail.com', '69cc8a4eedf8ed0281711560f0746c4f5023afac', '2016-03-03 05:46:59', '2016-03-03 05:46:59', 'N;', 'active', '03/09/2016', '', '', 0, 3, 28, '', '', '', '', '', ''),
(34, '', 'clinic', '', '', NULL, NULL, '2016-01-26 09:56:26', '2016-01-26 09:56:26', NULL, 'active', '', '', '', 0, 0, 0, '', '', '', '', '', ''),
(35, '', 'Clinic Name', '', '', NULL, NULL, '2016-01-26 09:57:19', '2016-01-26 09:57:19', NULL, 'active', '', '', '', 0, 0, 0, '123 anywhere street', '', 'utah city', 'CT', '01776', '');

-- --------------------------------------------------------

--
-- Table structure for table `survey_answers`
--

CREATE TABLE `survey_answers` (
  `id` bigint(20) UNSIGNED NOT NULL,
  `survey_id` int(11) NOT NULL,
  `question_id` int(11) DEFAULT NULL,
  `results_id` int(11) DEFAULT NULL,
  `choice_id` int(11) DEFAULT NULL,
  `answer` text
) ENGINE=MyISAM DEFAULT CHARSET=utf8;

--
-- Dumping data for table `survey_answers`
--

INSERT INTO `survey_answers` (`id`, `survey_id`, `question_id`, `results_id`, `choice_id`, `answer`) VALUES
(73, 1, 136, 18, 649, NULL),
(74, 1, 137, 18, NULL, '05/05/1965'),
(75, 1, 138, 18, 652, NULL),
(76, 1, 139, 18, 657, NULL),
(77, 1, 140, 18, NULL, 'Teacher'),
(78, 1, 141, 18, 670, NULL),
(79, 1, 142, 18, 672, NULL),
(80, 1, 143, 18, 676, NULL),
(81, 1, 144, 18, 688, NULL),
(82, 1, 145, 18, 699, NULL),
(83, 1, 146, 18, 709, NULL),
(84, 1, 147, 18, 715, NULL),
(85, 1, 148, 18, 727, NULL),
(86, 1, 149, 18, 738, NULL),
(87, 1, 150, 18, 752, NULL),
(88, 1, 151, 18, 753, NULL),
(89, 1, 152, 18, 755, NULL),
(90, 1, 153, 18, 758, NULL),
(91, 1, 154, 18, 764, NULL),
(92, 1, 155, 18, 766, NULL),
(93, 1, 156, 18, 772, NULL),
(94, 1, 157, 18, 778, NULL),
(95, 1, 158, 18, 809, NULL),
(96, 1, 159, 18, 840, NULL),
(97, 1, 160, 18, 874, NULL),
(98, 1, 161, 18, 902, NULL),
(99, 1, 162, 18, 935, NULL),
(100, 1, 163, 18, 938, NULL),
(101, 1, 164, 18, 943, NULL),
(102, 1, 165, 18, 950, NULL),
(103, 1, 166, 18, 956, NULL),
(104, 1, 167, 18, 961, NULL),
(105, 1, 168, 18, 966, NULL),
(106, 1, 169, 18, 972, NULL),
(107, 1, 170, 18, 974, NULL),
(108, 1, 171, 18, 979, NULL),
(109, 1, 172, 18, 984, NULL),
(110, 1, 173, 18, 989, NULL),
(111, 1, 174, 18, 1000, NULL),
(112, 1, 175, 18, 1006, NULL),
(113, 1, 136, 19, 649, NULL),
(114, 1, 137, 19, NULL, '05/05/1965'),
(115, 1, 138, 19, 652, NULL),
(116, 1, 139, 19, 657, NULL),
(117, 1, 140, 19, NULL, 'Teacher'),
(118, 1, 141, 19, 670, NULL),
(119, 1, 142, 19, 672, NULL),
(120, 1, 143, 19, 676, NULL),
(121, 1, 144, 19, 688, NULL),
(122, 1, 145, 19, 699, NULL),
(123, 1, 146, 19, 709, NULL),
(124, 1, 147, 19, 715, NULL),
(125, 1, 148, 19, 727, NULL),
(126, 1, 149, 19, 738, NULL),
(127, 1, 150, 19, 752, NULL),
(128, 1, 151, 19, 753, NULL),
(129, 1, 152, 19, 755, NULL),
(130, 1, 153, 19, 758, NULL),
(131, 1, 154, 19, 764, NULL),
(132, 1, 155, 19, 766, NULL),
(133, 1, 156, 19, 772, NULL),
(134, 1, 157, 19, 778, NULL),
(135, 1, 158, 19, 809, NULL),
(136, 1, 159, 19, 840, NULL),
(137, 1, 160, 19, 874, NULL),
(138, 1, 161, 19, 902, NULL),
(139, 1, 162, 19, 935, NULL),
(140, 1, 163, 19, 938, NULL),
(141, 1, 164, 19, 943, NULL),
(142, 1, 165, 19, 950, NULL),
(143, 1, 166, 19, 956, NULL),
(144, 1, 167, 19, 961, NULL),
(145, 1, 168, 19, 966, NULL),
(146, 1, 169, 19, 972, NULL),
(147, 1, 170, 19, 974, NULL),
(148, 1, 171, 19, 979, NULL),
(149, 1, 172, 19, 984, NULL),
(150, 1, 173, 19, 989, NULL),
(151, 1, 174, 19, 1000, NULL),
(152, 1, 175, 19, 1006, NULL),
(153, 1, 136, 20, 649, NULL),
(154, 1, 137, 20, NULL, '05/05/1965'),
(155, 1, 138, 20, 652, NULL),
(156, 1, 139, 20, 657, NULL),
(157, 1, 140, 20, NULL, 'Teacher'),
(158, 1, 141, 20, 670, NULL),
(159, 1, 142, 20, 672, NULL),
(160, 1, 143, 20, 676, NULL),
(161, 1, 144, 20, 688, NULL),
(162, 1, 145, 20, 699, NULL),
(163, 1, 146, 20, 709, NULL),
(164, 1, 147, 20, 715, NULL),
(165, 1, 148, 20, 727, NULL),
(166, 1, 149, 20, 738, NULL),
(167, 1, 150, 20, 752, NULL),
(168, 1, 151, 20, 753, NULL),
(169, 1, 152, 20, 755, NULL),
(170, 1, 153, 20, 758, NULL),
(171, 1, 154, 20, 764, NULL),
(172, 1, 155, 20, 766, NULL),
(173, 1, 156, 20, 772, NULL),
(174, 1, 157, 20, 778, NULL),
(175, 1, 158, 20, 809, NULL),
(176, 1, 159, 20, 840, NULL),
(177, 1, 160, 20, 874, NULL),
(178, 1, 161, 20, 902, NULL),
(179, 1, 162, 20, 935, NULL),
(180, 1, 163, 20, 938, NULL),
(181, 1, 164, 20, 943, NULL),
(182, 1, 165, 20, 950, NULL),
(183, 1, 166, 20, 956, NULL),
(184, 1, 167, 20, 961, NULL),
(185, 1, 168, 20, 966, NULL),
(186, 1, 169, 20, 972, NULL),
(187, 1, 170, 20, 974, NULL),
(188, 1, 171, 20, 979, NULL),
(189, 1, 172, 20, 984, NULL),
(190, 1, 173, 20, 989, NULL),
(191, 1, 174, 20, 1000, NULL),
(192, 1, 175, 20, 1006, NULL),
(193, 1, 136, 21, 649, NULL),
(194, 1, 137, 21, NULL, '05/05/1965'),
(195, 1, 138, 21, 652, NULL),
(196, 1, 139, 21, 657, NULL),
(197, 1, 140, 21, NULL, 'Teacher'),
(198, 1, 141, 21, 670, NULL),
(199, 1, 142, 21, 672, NULL),
(200, 1, 143, 21, 676, NULL),
(201, 1, 144, 21, 688, NULL),
(202, 1, 145, 21, 699, NULL),
(203, 1, 146, 21, 709, NULL),
(204, 1, 147, 21, 715, NULL),
(205, 1, 148, 21, 727, NULL),
(206, 1, 149, 21, 738, NULL),
(207, 1, 150, 21, 752, NULL),
(208, 1, 151, 21, 753, NULL),
(209, 1, 152, 21, 755, NULL),
(210, 1, 153, 21, 758, NULL),
(211, 1, 154, 21, 764, NULL),
(212, 1, 155, 21, 766, NULL),
(213, 1, 156, 21, 772, NULL),
(214, 1, 157, 21, 778, NULL),
(215, 1, 158, 21, 809, NULL),
(216, 1, 159, 21, 840, NULL),
(217, 1, 160, 21, 874, NULL),
(218, 1, 161, 21, 902, NULL),
(219, 1, 162, 21, 935, NULL),
(220, 1, 163, 21, 938, NULL),
(221, 1, 164, 21, 943, NULL),
(222, 1, 165, 21, 950, NULL),
(223, 1, 166, 21, 956, NULL),
(224, 1, 167, 21, 961, NULL),
(225, 1, 168, 21, 966, NULL),
(226, 1, 169, 21, 972, NULL),
(227, 1, 170, 21, 974, NULL),
(228, 1, 171, 21, 979, NULL),
(229, 1, 172, 21, 984, NULL),
(230, 1, 173, 21, 989, NULL),
(231, 1, 174, 21, 1000, NULL),
(232, 1, 175, 21, 1006, NULL),
(2834, 2, 54, 143, NULL, '08/02/2016'),
(2833, 2, 53, 143, NULL, '13'),
(2832, 2, 52, 143, 225, NULL),
(2831, 2, 51, 143, 221, NULL),
(2830, 2, 50, 143, 216, NULL),
(2829, 2, 49, 143, 214, NULL),
(2828, 2, 48, 143, 206, NULL),
(2827, 2, 47, 143, 203, NULL),
(2826, 2, 46, 143, 197, NULL),
(2825, 2, 45, 143, 192, NULL),
(2824, 2, 44, 143, 187, NULL),
(2823, 2, 43, 143, 177, NULL),
(2822, 2, 42, 143, 168, NULL),
(2821, 2, 41, 143, 159, NULL),
(2820, 2, 40, 143, 150, NULL),
(2819, 2, 39, 143, 1782, NULL),
(2818, 2, 38, 143, NULL, '8'),
(2817, 2, 37, 143, NULL, '3'),
(2816, 2, 36, 143, NULL, '2'),
(2815, 2, 35, 143, NULL, '5'),
(2814, 2, 34, 143, NULL, '8'),
(2813, 2, 33, 143, NULL, '19'),
(2812, 2, 32, 143, NULL, '8'),
(2811, 2, 31, 143, NULL, '22'),
(2810, 2, 30, 143, NULL, '16'),
(2809, 2, 29, 143, NULL, '12'),
(2808, 2, 28, 143, NULL, '18'),
(2807, 2, 27, 143, NULL, '45'),
(2806, 2, 309, 143, 1752, NULL),
(2805, 2, 308, 143, NULL, '20'),
(2804, 2, 307, 143, 1750, NULL),
(2803, 2, 306, 143, NULL, '9'),
(2802, 2, 305, 143, 1748, NULL),
(2801, 2, 304, 143, NULL, '9'),
(2800, 2, 303, 143, 1746, NULL),
(2799, 2, 302, 143, 1744, NULL),
(2798, 2, 301, 143, NULL, '4'),
(2797, 2, 300, 143, 1742, NULL),
(2796, 2, 26, 143, 140, NULL),
(2795, 2, 25, 143, 135, NULL),
(2794, 2, 24, 143, 132, NULL),
(2793, 2, 23, 143, NULL, '0'),
(2792, 2, 22, 143, NULL, '4'),
(2791, 2, 7, 143, 25, NULL),
(2790, 2, 21, 143, 124, NULL),
(2789, 2, 21, 143, 123, NULL),
(2788, 2, 21, 143, 122, NULL),
(2787, 2, 21, 143, 117, NULL),
(2786, 2, 21, 143, 116, NULL),
(2785, 2, 20, 143, NULL, '3'),
(2784, 2, 19, 143, NULL, '30'),
(2783, 2, 17, 143, 87, NULL),
(2782, 2, 16, 143, 83, NULL),
(2781, 2, 16, 143, 82, NULL),
(2780, 2, 16, 143, 81, NULL),
(2779, 2, 16, 143, 80, NULL),
(2778, 2, 16, 143, 77, NULL),
(2777, 2, 16, 143, 76, NULL),
(2776, 2, 15, 143, NULL, '85'),
(2775, 2, 14, 143, 69, NULL),
(2774, 2, 296, 143, 1708, NULL),
(2773, 2, 296, 143, 1703, NULL),
(2772, 2, 296, 143, 1702, NULL),
(2771, 2, 296, 143, 1695, NULL),
(2770, 2, 13, 143, 62, NULL),
(2769, 2, 12, 143, 64, NULL),
(2768, 2, 11, 143, 48, NULL),
(2767, 2, 10, 143, 38, NULL),
(2766, 2, 9, 143, 33, NULL),
(2765, 2, 8, 143, 29, NULL),
(2764, 2, 6, 143, 19, NULL),
(2763, 2, 5, 143, 13, NULL),
(2762, 2, 4, 143, 10, NULL),
(2761, 2, 3, 143, NULL, '14'),
(2760, 2, 2, 143, NULL, '04/29/2001'),
(2759, 2, 1, 143, 2, NULL),
(2909, 4, 310, 145, 1754, NULL),
(2908, 4, 104, 145, 451, NULL),
(2907, 4, 103, 145, 441, NULL),
(2906, 4, 102, 145, 432, NULL),
(2905, 4, 101, 145, 423, NULL),
(2904, 4, 100, 145, 413, NULL),
(2903, 4, 99, 145, 402, NULL),
(2902, 4, 98, 145, 1656, NULL),
(2901, 4, 97, 145, 1652, NULL),
(2900, 4, 96, 145, 1644, NULL),
(2899, 4, 95, 145, 1637, NULL),
(2898, 4, 94, 145, 1630, NULL),
(2897, 4, 93, 145, 1621, NULL),
(2896, 4, 92, 145, 1595, NULL),
(2895, 4, 295, 145, 1608, NULL),
(2894, 4, 319, 144, 1764, NULL),
(2893, 4, 318, 144, NULL, '13'),
(2892, 4, 317, 144, 1762, NULL),
(2891, 4, 316, 144, NULL, '12'),
(2890, 4, 315, 144, 1760, NULL),
(2889, 4, 314, 144, NULL, '22'),
(2888, 4, 313, 144, 1758, NULL),
(2887, 4, 312, 144, 1756, NULL),
(2886, 4, 311, 144, NULL, '33'),
(2885, 4, 310, 144, 1754, NULL),
(2884, 4, 104, 144, 456, NULL),
(2883, 4, 103, 144, 447, NULL),
(2882, 4, 102, 144, 437, NULL),
(2881, 4, 101, 144, 428, NULL),
(2880, 4, 100, 144, 419, NULL),
(2879, 4, 99, 144, 408, NULL),
(2878, 4, 98, 144, 1660, NULL),
(2877, 4, 97, 144, 1651, NULL),
(2876, 4, 96, 144, 1642, NULL),
(2875, 4, 95, 144, 1633, NULL),
(2874, 4, 94, 144, 1624, NULL),
(2873, 4, 93, 144, 1617, NULL),
(2872, 4, 92, 144, 1594, NULL),
(2871, 4, 295, 144, 1611, NULL),
(2870, 2, 90, 143, 396, NULL),
(2869, 2, 89, 143, 392, NULL),
(2868, 2, 88, 143, 386, NULL),
(2867, 2, 87, 143, 382, NULL),
(2866, 2, 86, 143, 378, NULL),
(2865, 2, 85, 143, 372, NULL),
(2864, 2, 84, 143, 360, NULL),
(2863, 2, 83, 143, 347, NULL),
(2862, 2, 82, 143, 338, NULL),
(2861, 2, 81, 143, 331, NULL),
(2860, 2, 80, 143, 329, NULL),
(2859, 2, 79, 143, 323, NULL),
(2858, 2, 78, 143, 320, NULL),
(2857, 2, 77, 143, 316, NULL),
(2856, 2, 76, 143, 311, NULL),
(2855, 2, 75, 143, 307, NULL),
(2854, 2, 74, 143, 305, NULL),
(2853, 2, 73, 143, 299, NULL),
(2852, 2, 72, 143, 297, NULL),
(2851, 2, 71, 143, 292, NULL),
(2850, 2, 70, 143, 288, NULL),
(2849, 2, 69, 143, 284, NULL),
(2848, 2, 68, 143, 281, NULL),
(2847, 2, 67, 143, 276, NULL),
(2846, 2, 66, 143, 270, NULL),
(2845, 2, 65, 143, 267, NULL),
(2844, 2, 64, 143, 264, NULL),
(2843, 2, 63, 143, 261, NULL),
(2842, 2, 62, 143, 256, NULL),
(2841, 2, 61, 143, 250, NULL),
(2840, 2, 60, 143, 247, NULL),
(2839, 2, 59, 143, 244, NULL),
(2838, 2, 58, 143, 241, NULL),
(2837, 2, 57, 143, 234, NULL),
(2836, 2, 56, 143, 231, NULL),
(2835, 2, 55, 143, 228, NULL),
(407, 3, 105, 24, 460, NULL),
(408, 3, 106, 24, 478, NULL),
(409, 3, 107, 24, 484, NULL),
(410, 3, 108, 24, 496, NULL),
(411, 3, 109, 24, 504, NULL),
(412, 3, 110, 24, 510, NULL),
(413, 3, 111, 24, 512, NULL),
(414, 3, 112, 24, 514, NULL),
(415, 3, 113, 24, 516, NULL),
(416, 3, 113, 24, 517, NULL),
(417, 3, 113, 24, 518, NULL),
(418, 3, 113, 24, 521, NULL),
(419, 3, 114, 24, 524, NULL),
(420, 3, 115, 24, 526, NULL),
(421, 3, 116, 24, 528, NULL),
(422, 3, 117, 24, 535, NULL),
(423, 3, 118, 24, 543, NULL),
(424, 3, 119, 24, 552, NULL),
(425, 3, 120, 24, 559, NULL),
(426, 3, 122, 24, 575, NULL),
(427, 3, 123, 24, 580, NULL),
(428, 3, 124, 24, 585, NULL),
(429, 3, 125, 24, 590, NULL),
(430, 3, 126, 24, 595, NULL),
(431, 3, 127, 24, 600, NULL),
(432, 3, 128, 24, 605, NULL),
(433, 3, 129, 24, 610, NULL),
(434, 3, 130, 24, 615, NULL),
(435, 3, 131, 24, 620, NULL),
(436, 3, 132, 24, 625, NULL),
(437, 3, 133, 24, 631, NULL),
(438, 3, 134, 24, 637, NULL),
(439, 3, 135, 24, 643, NULL),
(440, 3, 105, 25, 460, NULL),
(441, 3, 106, 25, 478, NULL),
(442, 3, 107, 25, 484, NULL),
(443, 3, 108, 25, 496, NULL),
(444, 3, 109, 25, 504, NULL),
(445, 3, 110, 25, 510, NULL),
(446, 3, 111, 25, 512, NULL),
(447, 3, 112, 25, 514, NULL),
(448, 3, 113, 25, 516, NULL),
(449, 3, 113, 25, 517, NULL),
(450, 3, 113, 25, 518, NULL),
(451, 3, 113, 25, 521, NULL),
(452, 3, 114, 25, 524, NULL),
(453, 3, 115, 25, 526, NULL),
(454, 3, 116, 25, 528, NULL),
(455, 3, 117, 25, 535, NULL),
(456, 3, 118, 25, 543, NULL),
(457, 3, 119, 25, 552, NULL),
(458, 3, 120, 25, 559, NULL),
(459, 3, 122, 25, 575, NULL),
(460, 3, 123, 25, 580, NULL),
(461, 3, 124, 25, 585, NULL),
(462, 3, 125, 25, 590, NULL),
(463, 3, 126, 25, 595, NULL),
(464, 3, 127, 25, 600, NULL),
(465, 3, 128, 25, 605, NULL),
(466, 3, 129, 25, 610, NULL),
(467, 3, 130, 25, 615, NULL),
(468, 3, 131, 25, 620, NULL),
(469, 3, 132, 25, 625, NULL),
(470, 3, 133, 25, 631, NULL),
(471, 3, 134, 25, 637, NULL),
(472, 3, 135, 25, 643, NULL),
(473, 3, 105, 26, 464, NULL),
(474, 3, 106, 26, 474, NULL),
(475, 3, 107, 26, 484, NULL),
(476, 3, 108, 26, 494, NULL),
(477, 3, 109, 26, 509, NULL),
(478, 3, 110, 26, 510, NULL),
(479, 3, 111, 26, 512, NULL),
(480, 3, 112, 26, 514, NULL),
(481, 3, 113, 26, 521, NULL),
(482, 3, 114, 26, 523, NULL),
(483, 3, 115, 26, 525, NULL),
(484, 3, 116, 26, 527, NULL),
(485, 3, 117, 26, 535, NULL),
(486, 3, 118, 26, 543, NULL),
(487, 3, 119, 26, 552, NULL),
(488, 3, 120, 26, 559, NULL),
(489, 3, 122, 26, 575, NULL),
(490, 3, 123, 26, 580, NULL),
(491, 3, 124, 26, 585, NULL),
(492, 3, 125, 26, 594, NULL),
(493, 3, 126, 26, 597, NULL),
(494, 3, 127, 26, 601, NULL),
(495, 3, 128, 26, 609, NULL),
(496, 3, 129, 26, 614, NULL),
(497, 3, 130, 26, 617, NULL),
(498, 3, 131, 26, 620, NULL),
(499, 3, 132, 26, 625, NULL),
(500, 3, 133, 26, 631, NULL),
(501, 3, 134, 26, 642, NULL),
(502, 3, 135, 26, 648, NULL),
(503, 3, 105, 27, 464, NULL),
(504, 3, 106, 27, 474, NULL),
(505, 3, 107, 27, 484, NULL),
(506, 3, 108, 27, 494, NULL),
(507, 3, 109, 27, 509, NULL),
(508, 3, 110, 27, 510, NULL),
(509, 3, 111, 27, 512, NULL),
(510, 3, 112, 27, 514, NULL),
(511, 3, 113, 27, 521, NULL),
(512, 3, 114, 27, 523, NULL),
(513, 3, 115, 27, 525, NULL),
(514, 3, 116, 27, 527, NULL),
(515, 3, 117, 27, 535, NULL),
(516, 3, 118, 27, 543, NULL),
(517, 3, 119, 27, 552, NULL),
(518, 3, 120, 27, 559, NULL),
(519, 3, 122, 27, 575, NULL),
(520, 3, 123, 27, 580, NULL),
(521, 3, 124, 27, 585, NULL),
(522, 3, 125, 27, 594, NULL),
(523, 3, 126, 27, 597, NULL),
(524, 3, 127, 27, 601, NULL),
(525, 3, 128, 27, 609, NULL),
(526, 3, 129, 27, 614, NULL),
(527, 3, 130, 27, 617, NULL),
(528, 3, 131, 27, 620, NULL),
(529, 3, 132, 27, 625, NULL),
(530, 3, 133, 27, 631, NULL),
(531, 3, 134, 27, 642, NULL),
(532, 3, 135, 27, 648, NULL),
(549, 3, 105, 30, 463, NULL),
(550, 3, 107, 30, 488, NULL),
(551, 3, 108, 30, 490, NULL),
(552, 3, 109, 30, 500, NULL),
(553, 3, 110, 30, 510, NULL),
(554, 3, 111, 30, 512, NULL),
(555, 3, 112, 30, 514, NULL),
(556, 3, 113, 30, 516, NULL),
(557, 3, 113, 30, 517, NULL),
(558, 3, 114, 30, 524, NULL),
(559, 3, 116, 30, 532, NULL),
(560, 3, 117, 30, 541, NULL),
(561, 3, 118, 30, 545, NULL),
(562, 3, 119, 30, 553, NULL),
(563, 3, 120, 30, 562, NULL),
(564, 3, 122, 30, 578, NULL),
(565, 3, 123, 30, 580, NULL),
(566, 3, 124, 30, 585, NULL),
(567, 3, 125, 30, 592, NULL),
(568, 3, 126, 30, 595, NULL),
(569, 3, 127, 30, 600, NULL),
(570, 3, 128, 30, 609, NULL),
(571, 3, 129, 30, 610, NULL),
(572, 3, 130, 30, 615, NULL),
(573, 3, 131, 30, 623, NULL),
(574, 3, 132, 30, 629, NULL),
(575, 3, 133, 30, 632, NULL),
(576, 3, 135, 30, 645, NULL),
(577, 3, 105, 31, 463, NULL),
(578, 3, 105, 32, 460, NULL),
(579, 3, 106, 32, 470, NULL),
(580, 3, 107, 32, 480, NULL),
(581, 3, 108, 32, 490, NULL),
(582, 3, 109, 32, 500, NULL),
(583, 3, 110, 32, 510, NULL),
(584, 3, 111, 32, 512, NULL),
(585, 3, 112, 32, 514, NULL),
(586, 3, 113, 32, 516, NULL),
(587, 3, 114, 32, 523, NULL),
(588, 3, 116, 32, 528, NULL),
(589, 3, 117, 32, 535, NULL),
(590, 3, 118, 32, 545, NULL),
(591, 3, 119, 32, 554, NULL),
(592, 3, 105, 33, 460, NULL),
(593, 3, 106, 33, 470, NULL),
(594, 3, 107, 33, 480, NULL),
(595, 3, 108, 33, 490, NULL),
(596, 3, 109, 33, 500, NULL),
(597, 3, 110, 33, 510, NULL),
(598, 3, 111, 33, 512, NULL),
(599, 3, 112, 33, 514, NULL),
(600, 3, 113, 33, 516, NULL),
(601, 3, 114, 33, 523, NULL),
(602, 3, 116, 33, 528, NULL),
(603, 3, 117, 33, 535, NULL),
(604, 3, 118, 33, 545, NULL),
(605, 3, 119, 33, 554, NULL),
(606, 3, 120, 33, 562, NULL),
(607, 3, 122, 33, 578, NULL),
(608, 3, 123, 33, 584, NULL),
(609, 3, 124, 33, 589, NULL),
(610, 3, 125, 33, 592, NULL),
(611, 3, 126, 33, 598, NULL),
(612, 3, 127, 33, 604, NULL),
(613, 3, 128, 33, 607, NULL),
(614, 3, 129, 33, 614, NULL),
(615, 3, 130, 33, 616, NULL),
(616, 3, 131, 33, 624, NULL),
(617, 3, 132, 33, 630, NULL),
(618, 3, 134, 33, 642, NULL),
(619, 3, 135, 33, 648, NULL),
(620, 3, 105, 34, 460, NULL),
(621, 3, 106, 34, 470, NULL),
(622, 3, 107, 34, 480, NULL),
(623, 3, 108, 34, 490, NULL),
(624, 3, 109, 34, 500, NULL),
(625, 3, 110, 34, 510, NULL),
(626, 3, 111, 34, 512, NULL),
(627, 3, 112, 34, 514, NULL),
(628, 3, 113, 34, 516, NULL),
(629, 3, 114, 34, 523, NULL),
(630, 3, 116, 34, 528, NULL),
(631, 3, 117, 34, 535, NULL),
(632, 3, 118, 34, 545, NULL),
(633, 3, 119, 34, 554, NULL),
(634, 3, 120, 34, 562, NULL),
(635, 3, 122, 34, 578, NULL),
(636, 3, 123, 34, 584, NULL),
(637, 3, 124, 34, 589, NULL),
(638, 3, 125, 34, 592, NULL),
(639, 3, 126, 34, 598, NULL),
(640, 3, 127, 34, 604, NULL),
(641, 3, 128, 34, 607, NULL),
(642, 3, 129, 34, 614, NULL),
(643, 3, 130, 34, 616, NULL),
(644, 3, 131, 34, 624, NULL),
(645, 3, 132, 34, 630, NULL),
(646, 3, 134, 34, 642, NULL),
(647, 3, 135, 34, 648, NULL),
(648, 3, 105, 35, 460, NULL),
(649, 3, 106, 35, 470, NULL),
(650, 3, 107, 35, 480, NULL),
(651, 3, 108, 35, 490, NULL),
(652, 3, 109, 35, 500, NULL),
(653, 3, 110, 35, 510, NULL),
(654, 3, 111, 35, 512, NULL),
(655, 3, 112, 35, 514, NULL),
(656, 3, 113, 35, 516, NULL),
(657, 3, 114, 35, 523, NULL),
(658, 3, 116, 35, 528, NULL),
(659, 3, 117, 35, 535, NULL),
(660, 3, 118, 35, 545, NULL),
(661, 3, 119, 35, 554, NULL),
(662, 3, 120, 35, 562, NULL),
(663, 3, 122, 35, 578, NULL),
(664, 3, 123, 35, 584, NULL),
(665, 3, 124, 35, 589, NULL),
(666, 3, 125, 35, 592, NULL),
(667, 3, 126, 35, 598, NULL),
(668, 3, 127, 35, 604, NULL),
(669, 3, 128, 35, 607, NULL),
(670, 3, 129, 35, 614, NULL),
(671, 3, 130, 35, 616, NULL),
(672, 3, 131, 35, 624, NULL),
(673, 3, 132, 35, 630, NULL),
(674, 3, 134, 35, 642, NULL),
(675, 3, 135, 35, 648, NULL),
(676, 3, 105, 36, 460, NULL),
(677, 3, 106, 36, 470, NULL),
(678, 3, 107, 36, 480, NULL),
(679, 3, 108, 36, 490, NULL),
(680, 3, 109, 36, 500, NULL),
(681, 3, 110, 36, 510, NULL),
(682, 3, 111, 36, 512, NULL),
(683, 3, 112, 36, 514, NULL),
(684, 3, 113, 36, 516, NULL),
(685, 3, 114, 36, 523, NULL),
(686, 3, 116, 36, 528, NULL),
(687, 3, 117, 36, 535, NULL),
(688, 3, 118, 36, 545, NULL),
(689, 3, 119, 36, 554, NULL),
(690, 3, 120, 36, 562, NULL),
(691, 3, 122, 36, 578, NULL),
(692, 3, 123, 36, 584, NULL),
(693, 3, 124, 36, 589, NULL),
(694, 3, 125, 36, 592, NULL),
(695, 3, 126, 36, 598, NULL),
(696, 3, 127, 36, 604, NULL),
(697, 3, 128, 36, 607, NULL),
(698, 3, 129, 36, 614, NULL),
(699, 3, 130, 36, 616, NULL),
(700, 3, 131, 36, 624, NULL),
(701, 3, 132, 36, 630, NULL),
(702, 3, 134, 36, 642, NULL),
(703, 3, 135, 36, 648, NULL),
(750, 3, 105, 42, 460, NULL),
(751, 3, 106, 42, 470, NULL),
(752, 3, 107, 42, 480, NULL),
(753, 3, 108, 42, 490, NULL),
(754, 3, 109, 42, 500, NULL),
(755, 3, 110, 42, 510, NULL),
(756, 3, 111, 42, 512, NULL),
(757, 3, 112, 42, 514, NULL),
(758, 3, 113, 42, 516, NULL),
(759, 3, 114, 42, 523, NULL),
(760, 3, 116, 42, 528, NULL),
(761, 3, 117, 42, 535, NULL),
(762, 3, 118, 42, 545, NULL),
(763, 3, 119, 42, 554, NULL),
(764, 3, 120, 42, 562, NULL),
(765, 3, 122, 42, 578, NULL),
(766, 3, 123, 42, 584, NULL),
(767, 3, 124, 42, 589, NULL),
(768, 3, 125, 42, 592, NULL),
(769, 3, 126, 42, 598, NULL),
(770, 3, 127, 42, 604, NULL),
(771, 3, 128, 42, 607, NULL),
(772, 3, 129, 42, 614, NULL),
(773, 3, 130, 42, 616, NULL),
(774, 3, 131, 42, 624, NULL),
(775, 3, 132, 42, 630, NULL),
(776, 3, 134, 42, 642, NULL),
(777, 3, 135, 42, 648, NULL),
(778, 3, 105, 43, 460, NULL),
(779, 3, 106, 43, 470, NULL),
(780, 3, 107, 43, 480, NULL),
(781, 3, 108, 43, 490, NULL),
(782, 3, 109, 43, 500, NULL),
(783, 3, 110, 43, 510, NULL),
(784, 3, 111, 43, 512, NULL),
(785, 3, 112, 43, 514, NULL),
(786, 3, 113, 43, 516, NULL),
(787, 3, 114, 43, 523, NULL),
(788, 3, 116, 43, 528, NULL),
(789, 3, 117, 43, 535, NULL),
(790, 3, 118, 43, 545, NULL),
(791, 3, 119, 43, 554, NULL),
(792, 3, 120, 43, 562, NULL),
(793, 3, 122, 43, 578, NULL),
(794, 3, 123, 43, 584, NULL),
(795, 3, 124, 43, 589, NULL),
(796, 3, 125, 43, 592, NULL),
(797, 3, 126, 43, 598, NULL),
(798, 3, 127, 43, 604, NULL),
(799, 3, 128, 43, 607, NULL),
(800, 3, 129, 43, 614, NULL),
(801, 3, 130, 43, 616, NULL),
(802, 3, 131, 43, 624, NULL),
(803, 3, 132, 43, 630, NULL),
(804, 3, 134, 43, 642, NULL),
(805, 3, 135, 43, 648, NULL),
(806, 3, 105, 44, 460, NULL),
(807, 3, 106, 44, 470, NULL),
(808, 3, 107, 44, 480, NULL),
(809, 3, 108, 44, 490, NULL),
(810, 3, 109, 44, 500, NULL),
(811, 3, 110, 44, 510, NULL),
(812, 3, 111, 44, 512, NULL),
(813, 3, 112, 44, 514, NULL),
(814, 3, 113, 44, 516, NULL),
(815, 3, 114, 44, 523, NULL),
(816, 3, 116, 44, 528, NULL),
(817, 3, 117, 44, 535, NULL),
(818, 3, 118, 44, 545, NULL),
(819, 3, 119, 44, 554, NULL),
(820, 3, 120, 44, 562, NULL),
(821, 3, 122, 44, 578, NULL),
(822, 3, 123, 44, 584, NULL),
(823, 3, 124, 44, 589, NULL),
(824, 3, 125, 44, 592, NULL),
(825, 3, 126, 44, 598, NULL),
(826, 3, 127, 44, 604, NULL),
(827, 3, 128, 44, 607, NULL),
(828, 3, 129, 44, 614, NULL),
(829, 3, 130, 44, 616, NULL),
(830, 3, 131, 44, 624, NULL),
(831, 3, 132, 44, 630, NULL),
(832, 3, 134, 44, 642, NULL),
(833, 3, 135, 44, 648, NULL),
(834, 9, 184, 45, 1007, NULL),
(835, 3, 105, 46, 460, NULL),
(836, 3, 106, 46, 470, NULL),
(837, 3, 107, 46, 480, NULL),
(838, 3, 108, 46, 490, NULL),
(839, 3, 109, 46, 500, NULL),
(840, 3, 110, 46, 510, NULL),
(841, 3, 111, 46, 512, NULL),
(842, 3, 112, 46, 514, NULL),
(843, 3, 113, 46, 516, NULL),
(844, 3, 114, 46, 523, NULL),
(845, 3, 116, 46, 528, NULL),
(846, 3, 117, 46, 535, NULL),
(847, 3, 118, 46, 545, NULL),
(848, 3, 119, 46, 554, NULL),
(849, 3, 120, 46, 562, NULL),
(850, 3, 122, 46, 578, NULL),
(851, 3, 123, 46, 584, NULL),
(852, 3, 124, 46, 589, NULL),
(853, 3, 125, 46, 592, NULL),
(854, 3, 126, 46, 598, NULL),
(855, 3, 127, 46, 604, NULL),
(856, 3, 128, 46, 607, NULL),
(857, 3, 129, 46, 614, NULL),
(858, 3, 130, 46, 616, NULL),
(859, 3, 131, 46, 624, NULL),
(860, 3, 132, 46, 630, NULL),
(861, 3, 134, 46, 642, NULL),
(862, 3, 135, 46, 648, NULL),
(1302, 3, 255, 79, 1434, NULL),
(1301, 3, 254, 79, 1433, NULL),
(1300, 3, 253, 79, 1427, NULL),
(1299, 3, 253, 79, 1426, NULL),
(1298, 3, 253, 79, 1425, NULL),
(1297, 3, 252, 79, 1423, NULL),
(1296, 3, 251, 79, 1421, NULL),
(1295, 3, 250, 79, 1419, NULL),
(1294, 3, 249, 79, 1418, NULL),
(1293, 3, 248, 79, 1399, NULL),
(1292, 3, 247, 79, 1389, NULL),
(1291, 3, 246, 79, 1379, NULL),
(1290, 3, 245, 79, 1369, NULL),
(1289, 3, 260, 78, 1469, NULL),
(1288, 3, 259, 78, 1464, NULL),
(1287, 3, 258, 78, 1453, NULL),
(1286, 3, 257, 78, 1450, NULL),
(1285, 3, 256, 78, 1439, NULL),
(1284, 3, 255, 78, 1434, NULL),
(1283, 3, 254, 78, 1433, NULL),
(1282, 3, 253, 78, 1427, NULL),
(1281, 3, 253, 78, 1426, NULL),
(1280, 3, 253, 78, 1425, NULL),
(1279, 3, 252, 78, 1423, NULL),
(1278, 3, 251, 78, 1421, NULL),
(1277, 3, 250, 78, 1419, NULL),
(1276, 3, 249, 78, 1418, NULL),
(1275, 3, 248, 78, 1399, NULL),
(1274, 3, 247, 78, 1389, NULL),
(1273, 3, 246, 78, 1379, NULL),
(1272, 3, 245, 78, 1369, NULL),
(1271, 3, 274, 77, 1546, NULL),
(1270, 3, 273, 77, 1538, NULL),
(1269, 3, 272, 77, 1532, NULL),
(1268, 3, 271, 77, 1526, NULL),
(1267, 3, 270, 77, 1521, NULL),
(1266, 3, 269, 77, 1517, NULL),
(1265, 3, 268, 77, 1513, NULL),
(1264, 3, 267, 77, 1506, NULL),
(1263, 3, 266, 77, 1501, NULL),
(1262, 3, 265, 77, 1496, NULL),
(1261, 3, 264, 77, 1491, NULL),
(1260, 3, 263, 77, 1486, NULL),
(1259, 3, 262, 77, 1484, NULL),
(1258, 3, 261, 77, 1478, NULL),
(1257, 3, 260, 77, 1468, NULL),
(1256, 3, 259, 77, 1463, NULL),
(1255, 3, 258, 77, 1455, NULL),
(1254, 3, 257, 77, 1445, NULL),
(1253, 3, 256, 77, 1438, NULL),
(1252, 3, 255, 77, 1434, NULL),
(1251, 3, 254, 77, 1433, NULL),
(1250, 3, 253, 77, 1430, NULL),
(1249, 3, 253, 77, 1429, NULL),
(1248, 3, 253, 77, 1428, NULL),
(1247, 3, 252, 77, 1423, NULL),
(1246, 3, 251, 77, 1421, NULL),
(1245, 3, 250, 77, 1419, NULL),
(1244, 3, 249, 77, 1409, NULL),
(1243, 3, 248, 77, 1400, NULL),
(1242, 3, 247, 77, 1389, NULL),
(1241, 3, 246, 77, 1381, NULL),
(1240, 3, 245, 77, 1370, NULL),
(1239, 3, 264, 76, 1492, NULL),
(1238, 3, 263, 76, 1486, NULL),
(1237, 3, 262, 76, 1482, NULL),
(1236, 3, 261, 76, 1478, NULL),
(1235, 3, 260, 76, 1471, NULL),
(1234, 3, 259, 76, 1462, NULL),
(1233, 3, 258, 76, 1455, NULL),
(1232, 3, 257, 76, 1444, NULL),
(1231, 3, 256, 76, 1436, NULL),
(1230, 3, 255, 76, 1434, NULL),
(1229, 3, 254, 76, 1432, NULL),
(1228, 3, 253, 76, 1426, NULL),
(1227, 3, 253, 76, 1425, NULL),
(1226, 3, 252, 76, 1424, NULL),
(1225, 3, 251, 76, 1421, NULL),
(1224, 3, 250, 76, 1419, NULL),
(1223, 3, 249, 76, 1418, NULL),
(1222, 3, 248, 76, 1405, NULL),
(1221, 3, 247, 76, 1389, NULL),
(1220, 3, 246, 76, 1381, NULL),
(1219, 3, 245, 76, 1369, NULL),
(1218, 3, 260, 75, 1468, NULL),
(1217, 3, 259, 75, 1467, NULL),
(1216, 3, 258, 75, 1453, NULL),
(1215, 3, 257, 75, 1451, NULL),
(1214, 3, 256, 75, 1436, NULL),
(1213, 3, 255, 75, 1434, NULL),
(1212, 3, 254, 75, 1432, NULL),
(1211, 3, 253, 75, 1431, NULL),
(1210, 3, 252, 75, 1424, NULL),
(1209, 3, 251, 75, 1422, NULL),
(1208, 3, 250, 75, 1420, NULL),
(1207, 3, 249, 75, 1418, NULL),
(1206, 3, 248, 75, 1405, NULL),
(1205, 3, 247, 75, 1394, NULL),
(1204, 3, 246, 75, 1386, NULL),
(1203, 3, 245, 75, 1375, NULL),
(1202, 3, 259, 74, 1460, NULL),
(1201, 3, 258, 74, 1455, NULL),
(1200, 3, 257, 74, 1444, NULL),
(1199, 3, 256, 74, 1436, NULL),
(1198, 3, 255, 74, 1434, NULL),
(1197, 3, 254, 74, 1433, NULL),
(1196, 3, 253, 74, 1427, NULL),
(1195, 3, 253, 74, 1426, NULL),
(1194, 3, 253, 74, 1425, NULL),
(1193, 3, 252, 74, 1424, NULL),
(1192, 3, 251, 74, 1421, NULL),
(1191, 3, 250, 74, 1420, NULL),
(1190, 3, 249, 74, 1412, NULL),
(1189, 3, 248, 74, 1404, NULL),
(1188, 3, 247, 74, 1389, NULL),
(1187, 3, 246, 74, 1379, NULL),
(1186, 3, 245, 74, 1370, NULL),
(1185, 3, 258, 73, 1455, NULL),
(1184, 3, 257, 73, 1445, NULL),
(1183, 3, 256, 73, 1438, NULL),
(1182, 3, 255, 73, 1434, NULL),
(1181, 3, 254, 73, 1432, NULL),
(1180, 3, 253, 73, 1427, NULL),
(1179, 3, 253, 73, 1426, NULL),
(1178, 3, 253, 73, 1425, NULL),
(1177, 3, 252, 73, 1424, NULL),
(1176, 3, 251, 73, 1421, NULL),
(1175, 3, 250, 73, 1420, NULL),
(1174, 3, 249, 73, 1411, NULL),
(1173, 3, 248, 73, 1402, NULL),
(1172, 3, 247, 73, 1392, NULL),
(1171, 3, 246, 73, 1388, NULL),
(1170, 3, 245, 73, 1370, NULL),
(1169, 3, 257, 72, 1448, NULL),
(1168, 3, 256, 72, 1437, NULL),
(1167, 3, 255, 72, 1435, NULL),
(1166, 3, 254, 72, 1433, NULL),
(1165, 3, 253, 72, 1428, NULL),
(1164, 3, 253, 72, 1427, NULL),
(1163, 3, 253, 72, 1426, NULL),
(1162, 3, 252, 72, 1423, NULL),
(1161, 3, 251, 72, 1421, NULL),
(1160, 3, 250, 72, 1420, NULL),
(1159, 3, 249, 72, 1413, NULL),
(1158, 3, 248, 72, 1399, NULL),
(1157, 3, 247, 72, 1396, NULL),
(1156, 3, 246, 72, 1379, NULL),
(1155, 3, 245, 72, 1369, NULL),
(1154, 3, 256, 71, 1437, NULL),
(1153, 3, 255, 71, 1435, NULL),
(1152, 3, 254, 71, 1433, NULL),
(1151, 3, 253, 71, 1428, NULL),
(1150, 3, 253, 71, 1427, NULL),
(1149, 3, 253, 71, 1426, NULL),
(1148, 3, 252, 71, 1423, NULL),
(1147, 3, 251, 71, 1421, NULL),
(1146, 3, 250, 71, 1420, NULL),
(1145, 3, 249, 71, 1413, NULL),
(1144, 3, 248, 71, 1399, NULL),
(1143, 3, 247, 71, 1396, NULL),
(1142, 3, 246, 71, 1379, NULL),
(1141, 3, 245, 71, 1369, NULL),
(1140, 3, 255, 70, 1434, NULL),
(1139, 3, 254, 70, 1433, NULL),
(1138, 3, 253, 70, 1428, NULL),
(1137, 3, 253, 70, 1427, NULL),
(1136, 3, 253, 70, 1426, NULL),
(1135, 3, 252, 70, 1423, NULL),
(1134, 3, 251, 70, 1421, NULL),
(1133, 3, 250, 70, 1420, NULL),
(1132, 3, 249, 70, 1410, NULL),
(1131, 3, 248, 70, 1401, NULL),
(1130, 3, 247, 70, 1395, NULL),
(1129, 3, 246, 70, 1382, NULL),
(1128, 3, 245, 70, 1369, NULL),
(1127, 3, 253, 69, 1429, NULL),
(1126, 3, 253, 69, 1428, NULL),
(1125, 3, 253, 69, 1426, NULL),
(1124, 3, 253, 69, 1425, NULL),
(1123, 3, 252, 69, 1424, NULL),
(1122, 3, 251, 69, 1421, NULL),
(1121, 3, 250, 69, 1420, NULL),
(1120, 3, 249, 69, 1417, NULL),
(1119, 3, 248, 69, 1400, NULL),
(1118, 3, 247, 69, 1389, NULL),
(1117, 3, 246, 69, 1383, NULL),
(1116, 3, 245, 69, 1369, NULL),
(1115, 3, 252, 68, 1424, NULL),
(1114, 3, 251, 68, 1422, NULL),
(1113, 3, 250, 68, 1420, NULL),
(1112, 3, 249, 68, 1418, NULL),
(1111, 3, 248, 68, 1407, NULL),
(1110, 3, 247, 68, 1396, NULL),
(1109, 3, 246, 68, 1385, NULL),
(1108, 3, 245, 68, 1378, NULL),
(1107, 3, 250, 67, 1419, NULL),
(1106, 3, 249, 67, 1409, NULL),
(1105, 3, 248, 67, 1399, NULL),
(1104, 3, 247, 67, 1393, NULL),
(1103, 3, 246, 67, 1384, NULL),
(1102, 3, 245, 67, 1369, NULL),
(1101, 3, 248, 66, 1400, NULL),
(1100, 3, 247, 66, 1389, NULL),
(1099, 3, 246, 66, 1379, NULL),
(1098, 3, 245, 66, 1370, NULL),
(1097, 3, 245, 65, 1369, NULL),
(1069, 3, 105, 64, 460, NULL),
(1070, 3, 106, 64, 470, NULL),
(1071, 3, 107, 64, 480, NULL),
(1072, 3, 108, 64, 490, NULL),
(1073, 3, 109, 64, 500, NULL),
(1074, 3, 110, 64, 510, NULL),
(1075, 3, 111, 64, 512, NULL),
(1076, 3, 112, 64, 514, NULL),
(1077, 3, 113, 64, 516, NULL),
(1078, 3, 114, 64, 523, NULL),
(1079, 3, 116, 64, 528, NULL),
(1080, 3, 117, 64, 535, NULL),
(1081, 3, 118, 64, 545, NULL),
(1082, 3, 119, 64, 554, NULL),
(1083, 3, 120, 64, 562, NULL),
(1084, 3, 122, 64, 578, NULL),
(1085, 3, 123, 64, 584, NULL),
(1086, 3, 124, 64, 589, NULL),
(1087, 3, 125, 64, 592, NULL),
(1088, 3, 126, 64, 598, NULL),
(1089, 3, 127, 64, 604, NULL),
(1090, 3, 128, 64, 607, NULL),
(1091, 3, 129, 64, 614, NULL),
(1092, 3, 130, 64, 616, NULL),
(1093, 3, 131, 64, 624, NULL),
(1094, 3, 132, 64, 630, NULL),
(1095, 3, 134, 64, 642, NULL),
(1096, 3, 135, 64, 648, NULL),
(1303, 3, 256, 79, 1439, NULL),
(1304, 3, 257, 79, 1450, NULL),
(1305, 3, 258, 79, 1453, NULL),
(1306, 3, 259, 79, 1464, NULL),
(1307, 3, 260, 79, 1469, NULL),
(1308, 3, 245, 80, 1369, NULL),
(1309, 3, 246, 80, 1379, NULL),
(1310, 3, 247, 80, 1389, NULL),
(1311, 3, 248, 80, 1399, NULL),
(1312, 3, 249, 80, 1418, NULL),
(1313, 3, 250, 80, 1419, NULL),
(1314, 3, 251, 80, 1421, NULL),
(1315, 3, 252, 80, 1423, NULL),
(1316, 3, 253, 80, 1425, NULL),
(1317, 3, 253, 80, 1426, NULL),
(1318, 3, 253, 80, 1427, NULL),
(1319, 3, 254, 80, 1433, NULL),
(1320, 3, 255, 80, 1434, NULL),
(1321, 3, 256, 80, 1439, NULL),
(1322, 3, 257, 80, 1450, NULL),
(1323, 3, 258, 80, 1453, NULL),
(1324, 3, 259, 80, 1464, NULL),
(1325, 3, 260, 80, 1469, NULL),
(1326, 3, 245, 81, 1369, NULL),
(1327, 3, 246, 81, 1382, NULL),
(1328, 3, 247, 81, 1393, NULL),
(1329, 3, 248, 81, 1399, NULL),
(1330, 3, 249, 81, 1409, NULL),
(1331, 3, 250, 81, 1419, NULL),
(1332, 3, 251, 81, 1422, NULL),
(1333, 3, 252, 81, 1423, NULL),
(1334, 3, 253, 81, 1425, NULL),
(1335, 3, 253, 81, 1426, NULL),
(1336, 3, 253, 81, 1427, NULL),
(1337, 3, 253, 81, 1428, NULL),
(1338, 3, 254, 81, 1432, NULL),
(1339, 3, 245, 82, 1369, NULL),
(1340, 3, 246, 82, 1381, NULL),
(1341, 3, 247, 82, 1389, NULL),
(1342, 3, 248, 82, 1402, NULL),
(1343, 3, 249, 82, 1411, NULL),
(1344, 3, 250, 82, 1419, NULL),
(1345, 3, 251, 82, 1421, NULL),
(1346, 3, 252, 82, 1423, NULL),
(1347, 3, 253, 82, 1425, NULL),
(1348, 3, 253, 82, 1426, NULL),
(1349, 3, 253, 82, 1427, NULL),
(1350, 3, 254, 82, 1432, NULL),
(1351, 3, 255, 82, 1434, NULL),
(1352, 3, 256, 82, 1436, NULL),
(1353, 3, 245, 83, 1369, NULL),
(1354, 3, 246, 83, 1380, NULL),
(1355, 3, 247, 83, 1397, NULL),
(1356, 3, 248, 83, 1400, NULL),
(1357, 3, 249, 83, 1412, NULL),
(1358, 3, 250, 83, 1419, NULL),
(1359, 3, 251, 83, 1422, NULL),
(1360, 3, 252, 83, 1423, NULL),
(1361, 3, 253, 83, 1426, NULL),
(1362, 3, 253, 83, 1427, NULL),
(1363, 3, 254, 83, 1433, NULL),
(1364, 3, 255, 83, 1434, NULL),
(1365, 3, 256, 83, 1436, NULL),
(1366, 3, 245, 84, 1369, NULL),
(1367, 3, 246, 84, 1386, NULL),
(1368, 3, 247, 84, 1398, NULL),
(1369, 3, 248, 84, 1399, NULL),
(1370, 3, 249, 84, 1414, NULL),
(1371, 3, 250, 84, 1419, NULL),
(1372, 3, 251, 84, 1421, NULL),
(1373, 3, 252, 84, 1424, NULL),
(1374, 3, 253, 84, 1425, NULL),
(1375, 3, 253, 84, 1426, NULL),
(1376, 3, 253, 84, 1427, NULL),
(1377, 3, 254, 84, 1432, NULL),
(1378, 3, 255, 84, 1434, NULL),
(1379, 3, 256, 84, 1438, NULL),
(1380, 3, 257, 84, 1444, NULL),
(1381, 3, 245, 85, 1369, NULL),
(1382, 3, 246, 85, 1382, NULL),
(1383, 3, 247, 85, 1390, NULL),
(1384, 3, 248, 85, 1399, NULL),
(1385, 3, 249, 85, 1409, NULL),
(1386, 3, 250, 85, 1420, NULL),
(1387, 3, 251, 85, 1421, NULL),
(1388, 3, 252, 85, 1423, NULL),
(1389, 3, 253, 85, 1426, NULL),
(1390, 3, 253, 85, 1427, NULL),
(1391, 3, 254, 85, 1432, NULL),
(1392, 3, 255, 85, 1435, NULL),
(1393, 3, 256, 85, 1436, NULL),
(1394, 3, 257, 85, 1450, NULL),
(1395, 3, 258, 85, 1452, NULL),
(1396, 3, 245, 86, 1369, NULL),
(1397, 3, 246, 86, 1387, NULL),
(1398, 3, 247, 86, 1389, NULL),
(1399, 3, 248, 86, 1399, NULL),
(1400, 3, 249, 86, 1415, NULL),
(1401, 3, 250, 86, 1420, NULL),
(1402, 3, 251, 86, 1421, NULL),
(1403, 3, 252, 86, 1423, NULL),
(1404, 3, 253, 86, 1425, NULL),
(1405, 3, 253, 86, 1426, NULL),
(1406, 3, 254, 86, 1432, NULL),
(1407, 3, 255, 86, 1434, NULL),
(1408, 3, 256, 86, 1436, NULL),
(1409, 3, 257, 86, 1444, NULL),
(1410, 3, 258, 86, 1455, NULL),
(1411, 3, 259, 86, 1462, NULL),
(1412, 3, 260, 86, 1468, NULL),
(1413, 3, 245, 87, 1369, NULL),
(1414, 3, 246, 87, 1379, NULL),
(1415, 3, 247, 87, 1389, NULL),
(1416, 3, 248, 87, 1399, NULL),
(1417, 3, 249, 87, 1418, NULL),
(1418, 3, 250, 87, 1419, NULL),
(1419, 3, 251, 87, 1421, NULL),
(1420, 3, 252, 87, 1423, NULL),
(1421, 3, 253, 87, 1425, NULL),
(1422, 3, 253, 87, 1426, NULL),
(1423, 3, 253, 87, 1427, NULL),
(1424, 3, 254, 87, 1433, NULL),
(1425, 3, 255, 87, 1434, NULL),
(1426, 3, 256, 87, 1439, NULL),
(1427, 3, 257, 87, 1450, NULL),
(1428, 3, 258, 87, 1453, NULL),
(1429, 3, 259, 87, 1464, NULL),
(1430, 3, 260, 87, 1469, NULL),
(1431, 3, 245, 88, 1369, NULL),
(1432, 3, 246, 88, 1379, NULL),
(1433, 3, 247, 88, 1389, NULL),
(1434, 3, 248, 88, 1399, NULL),
(1435, 3, 249, 88, 1418, NULL),
(1436, 3, 250, 88, 1419, NULL),
(1437, 3, 251, 88, 1421, NULL),
(1438, 3, 252, 88, 1423, NULL),
(1439, 3, 253, 88, 1425, NULL),
(1440, 3, 253, 88, 1426, NULL),
(1441, 3, 253, 88, 1427, NULL),
(1442, 3, 254, 88, 1433, NULL),
(1443, 3, 255, 88, 1434, NULL),
(1444, 3, 256, 88, 1439, NULL),
(1445, 3, 257, 88, 1450, NULL),
(1446, 3, 258, 88, 1453, NULL),
(1447, 3, 259, 88, 1464, NULL),
(1448, 3, 260, 88, 1469, NULL),
(1449, 3, 245, 89, 1369, NULL),
(1450, 3, 246, 89, 1379, NULL),
(1451, 3, 247, 89, 1398, NULL),
(1452, 3, 248, 89, 1399, NULL),
(1453, 3, 249, 89, 1409, NULL),
(1454, 3, 250, 89, 1419, NULL),
(1455, 3, 251, 89, 1421, NULL),
(1456, 3, 252, 89, 1423, NULL),
(1457, 3, 253, 89, 1425, NULL),
(1458, 3, 253, 89, 1426, NULL),
(1459, 3, 254, 89, 1432, NULL),
(1460, 3, 255, 89, 1434, NULL),
(1461, 3, 256, 89, 1436, NULL),
(1462, 3, 257, 89, 1444, NULL),
(1463, 3, 258, 89, 1458, NULL),
(1464, 3, 259, 89, 1462, NULL),
(1465, 3, 260, 89, 1470, NULL),
(1466, 3, 245, 90, 1369, NULL),
(1467, 3, 246, 90, 1379, NULL),
(1468, 3, 247, 90, 1389, NULL),
(1469, 3, 248, 90, 1399, NULL),
(1470, 3, 249, 90, 1418, NULL),
(1471, 3, 250, 90, 1419, NULL),
(1472, 3, 251, 90, 1421, NULL),
(1473, 3, 252, 90, 1423, NULL),
(1474, 3, 253, 90, 1425, NULL),
(1475, 3, 253, 90, 1426, NULL),
(1476, 3, 253, 90, 1427, NULL),
(1477, 3, 254, 90, 1433, NULL),
(1478, 3, 255, 90, 1434, NULL),
(1479, 3, 256, 90, 1439, NULL),
(1480, 3, 257, 90, 1450, NULL),
(1481, 3, 258, 90, 1453, NULL),
(1482, 3, 259, 90, 1464, NULL),
(1483, 3, 260, 90, 1469, NULL),
(1484, 3, 261, 90, 1478, NULL),
(1485, 3, 245, 91, 1369, NULL),
(1486, 3, 246, 91, 1379, NULL),
(1487, 3, 247, 91, 1389, NULL),
(1488, 3, 248, 91, 1399, NULL),
(1489, 3, 249, 91, 1418, NULL),
(1490, 3, 250, 91, 1419, NULL),
(1491, 3, 251, 91, 1421, NULL),
(1492, 3, 252, 91, 1423, NULL),
(1493, 3, 253, 91, 1425, NULL),
(1494, 3, 253, 91, 1426, NULL),
(1495, 3, 253, 91, 1427, NULL),
(1496, 3, 254, 91, 1433, NULL),
(1497, 3, 255, 91, 1434, NULL),
(1498, 3, 256, 91, 1439, NULL),
(1499, 3, 265, 91, 1496, NULL),
(1500, 3, 245, 92, 1369, NULL),
(1501, 3, 246, 92, 1379, NULL),
(1502, 3, 247, 92, 1389, NULL),
(1503, 3, 248, 92, 1399, NULL),
(1504, 3, 249, 92, 1418, NULL),
(1505, 3, 250, 92, 1419, NULL),
(1506, 3, 251, 92, 1421, NULL),
(1507, 3, 252, 92, 1423, NULL),
(1508, 3, 253, 92, 1425, NULL),
(1509, 3, 253, 92, 1426, NULL),
(1510, 3, 253, 92, 1427, NULL),
(1511, 3, 254, 92, 1433, NULL),
(1512, 3, 255, 92, 1434, NULL),
(1513, 3, 256, 92, 1439, NULL),
(1514, 3, 264, 92, 1495, NULL),
(1515, 3, 265, 92, 1496, NULL),
(1516, 3, 245, 93, 1369, NULL),
(1517, 3, 246, 93, 1379, NULL),
(1518, 3, 247, 93, 1389, NULL),
(1519, 3, 248, 93, 1399, NULL),
(1520, 3, 249, 93, 1418, NULL),
(1521, 3, 250, 93, 1419, NULL),
(1522, 3, 251, 93, 1421, NULL),
(1523, 3, 252, 93, 1423, NULL),
(1524, 3, 253, 93, 1425, NULL),
(1525, 3, 253, 93, 1426, NULL),
(1526, 3, 253, 93, 1427, NULL),
(1527, 3, 254, 93, 1433, NULL),
(1528, 3, 255, 93, 1434, NULL),
(1529, 3, 256, 93, 1439, NULL),
(1530, 3, 263, 93, 1490, NULL),
(1531, 3, 264, 93, 1495, NULL),
(1532, 3, 265, 93, 1496, NULL),
(1533, 3, 245, 94, 1369, NULL),
(1534, 3, 246, 94, 1379, NULL),
(1535, 3, 247, 94, 1389, NULL),
(1536, 3, 248, 94, 1399, NULL),
(1537, 3, 249, 94, 1418, NULL),
(1538, 3, 250, 94, 1419, NULL),
(1539, 3, 251, 94, 1421, NULL),
(1540, 3, 252, 94, 1423, NULL),
(1541, 3, 253, 94, 1425, NULL),
(1542, 3, 253, 94, 1426, NULL),
(1543, 3, 253, 94, 1427, NULL),
(1544, 3, 254, 94, 1433, NULL),
(1545, 3, 255, 94, 1434, NULL),
(1546, 3, 256, 94, 1439, NULL),
(1547, 3, 262, 94, 1485, NULL),
(1548, 3, 263, 94, 1490, NULL),
(1549, 3, 264, 94, 1495, NULL),
(1550, 3, 265, 94, 1496, NULL),
(1551, 3, 245, 95, 1369, NULL),
(1552, 3, 246, 95, 1379, NULL),
(1553, 3, 247, 95, 1389, NULL),
(1554, 3, 248, 95, 1399, NULL),
(1555, 3, 249, 95, 1418, NULL),
(1556, 3, 250, 95, 1419, NULL),
(1557, 3, 251, 95, 1421, NULL),
(1558, 3, 252, 95, 1423, NULL),
(1559, 3, 253, 95, 1425, NULL),
(1560, 3, 253, 95, 1426, NULL),
(1561, 3, 253, 95, 1427, NULL),
(1562, 3, 254, 95, 1433, NULL),
(1563, 3, 255, 95, 1434, NULL),
(1564, 3, 256, 95, 1439, NULL),
(1565, 3, 261, 95, 1480, NULL),
(1566, 3, 262, 95, 1485, NULL),
(1567, 3, 263, 95, 1490, NULL),
(1568, 3, 264, 95, 1495, NULL),
(1569, 3, 265, 95, 1496, NULL),
(1570, 3, 245, 96, 1369, NULL),
(1571, 3, 246, 96, 1379, NULL),
(1572, 3, 247, 96, 1389, NULL),
(1573, 3, 248, 96, 1402, NULL),
(1574, 3, 249, 96, 1412, NULL),
(1575, 3, 250, 96, 1419, NULL),
(1576, 3, 251, 96, 1421, NULL),
(1577, 3, 252, 96, 1423, NULL),
(1578, 3, 253, 96, 1427, NULL),
(1579, 3, 253, 96, 1428, NULL),
(1580, 3, 254, 96, 1433, NULL),
(1581, 3, 255, 96, 1434, NULL),
(1582, 3, 256, 96, 1436, NULL),
(1583, 3, 275, 96, 1552, NULL),
(1584, 3, 245, 97, 1369, NULL),
(1585, 3, 246, 97, 1379, NULL),
(1586, 3, 247, 97, 1392, NULL),
(1587, 3, 248, 97, 1399, NULL),
(1588, 3, 249, 97, 1409, NULL),
(1589, 3, 250, 97, 1419, NULL),
(1590, 3, 251, 97, 1421, NULL),
(1591, 3, 252, 97, 1423, NULL),
(1592, 3, 253, 97, 1425, NULL),
(1593, 3, 253, 97, 1426, NULL),
(1594, 3, 254, 97, 1432, NULL),
(1595, 3, 255, 97, 1435, NULL),
(1596, 3, 256, 97, 1438, NULL),
(1597, 3, 275, 97, 1551, NULL),
(1598, 3, 276, 97, 1560, NULL),
(1599, 3, 245, 98, 1369, NULL),
(1600, 3, 246, 98, 1379, NULL),
(1601, 3, 247, 98, 1396, NULL),
(1602, 3, 248, 98, 1399, NULL),
(1603, 3, 249, 98, 1409, NULL),
(1604, 3, 250, 98, 1419, NULL),
(1605, 3, 251, 98, 1421, NULL),
(1606, 3, 252, 98, 1423, NULL),
(1607, 3, 253, 98, 1425, NULL),
(1608, 3, 253, 98, 1426, NULL),
(1609, 3, 254, 98, 1432, NULL),
(1610, 3, 255, 98, 1434, NULL),
(1611, 3, 256, 98, 1438, NULL),
(1612, 3, 275, 98, 1553, NULL),
(1613, 3, 276, 98, 1561, NULL),
(1614, 3, 277, 98, 1570, NULL),
(1615, 3, 245, 99, 1369, NULL),
(1616, 3, 246, 99, 1380, NULL),
(1617, 3, 247, 99, 1389, NULL),
(1618, 3, 248, 99, 1399, NULL),
(1619, 3, 249, 99, 1409, NULL),
(1620, 3, 250, 99, 1420, NULL),
(1621, 3, 251, 99, 1421, NULL),
(1622, 3, 252, 99, 1423, NULL),
(1623, 3, 253, 99, 1425, NULL),
(1624, 3, 253, 99, 1426, NULL),
(1625, 3, 254, 99, 1432, NULL),
(1626, 3, 255, 99, 1434, NULL),
(1627, 3, 256, 99, 1436, NULL),
(1628, 3, 275, 99, 1551, NULL),
(1629, 3, 276, 99, 1560, NULL),
(1630, 3, 277, 99, 1567, NULL),
(1631, 3, 278, 99, 1578, NULL),
(1632, 3, 245, 100, 1369, NULL),
(1633, 3, 246, 100, 1385, NULL),
(1634, 3, 247, 100, 1392, NULL),
(1635, 3, 248, 100, 1399, NULL),
(1636, 3, 249, 100, 1413, NULL),
(1637, 3, 250, 100, 1419, NULL),
(1638, 3, 251, 100, 1421, NULL),
(1639, 3, 252, 100, 1423, NULL),
(1640, 3, 253, 100, 1425, NULL),
(1641, 3, 253, 100, 1426, NULL),
(1642, 3, 254, 100, 1432, NULL),
(1643, 3, 255, 100, 1434, NULL),
(1644, 3, 256, 100, 1436, NULL),
(1645, 3, 275, 100, 1550, NULL),
(1646, 3, 276, 100, 1558, NULL),
(1647, 3, 277, 100, 1566, NULL),
(1648, 3, 278, 100, 1577, NULL),
(1649, 3, 245, 101, 1369, NULL),
(1650, 3, 246, 101, 1379, NULL),
(1651, 3, 247, 101, 1389, NULL),
(1652, 3, 248, 101, 1399, NULL),
(1653, 3, 249, 101, 1410, NULL),
(1654, 3, 250, 101, 1420, NULL),
(1655, 3, 251, 101, 1421, NULL),
(1656, 3, 252, 101, 1423, NULL),
(1657, 3, 253, 101, 1425, NULL),
(1658, 3, 254, 101, 1432, NULL),
(1659, 3, 255, 101, 1434, NULL),
(1660, 3, 256, 101, 1436, NULL),
(1661, 3, 275, 101, 1552, NULL),
(1662, 3, 276, 101, 1560, NULL),
(1663, 3, 277, 101, 1570, NULL),
(1664, 3, 278, 101, 1576, NULL),
(1665, 3, 261, 101, 1476, NULL),
(1666, 3, 262, 101, 1481, NULL),
(1667, 3, 263, 101, 1486, NULL),
(1699, 1, 136, 104, 650, NULL),
(1700, 1, 137, 104, NULL, '09/09/2015'),
(1701, 1, 138, 104, 652, NULL),
(1702, 1, 139, 104, 658, NULL),
(1703, 1, 140, 104, NULL, 'Lumberjack'),
(1704, 1, 141, 104, 669, NULL),
(1705, 1, 142, 104, 673, NULL),
(1706, 1, 143, 104, 687, NULL),
(1707, 1, 144, 104, 689, NULL),
(1708, 1, 145, 104, 693, NULL),
(1709, 1, 146, 104, 709, NULL),
(1710, 1, 147, 104, 714, NULL),
(1711, 1, 148, 104, 725, NULL),
(1712, 1, 149, 104, 734, NULL),
(1713, 1, 150, 104, 751, NULL),
(1714, 1, 151, 104, 754, NULL),
(1715, 1, 152, 104, 756, NULL),
(1716, 1, 153, 104, 758, NULL),
(1717, 1, 154, 104, 760, NULL),
(1718, 1, 154, 104, 761, NULL),
(1719, 1, 154, 104, 762, NULL),
(1720, 1, 155, 104, 767, NULL),
(1721, 3, 245, 105, 1369, NULL),
(1722, 3, 246, 105, 1379, NULL),
(1723, 3, 247, 105, 1389, NULL),
(1724, 3, 248, 105, 1399, NULL),
(1725, 3, 249, 105, 1409, NULL),
(1726, 3, 251, 105, 1421, NULL),
(1727, 3, 252, 105, 1423, NULL),
(1728, 3, 253, 105, 1425, NULL),
(1729, 3, 253, 105, 1426, NULL),
(1730, 3, 253, 105, 1427, NULL),
(1731, 3, 254, 105, 1432, NULL),
(1732, 3, 255, 105, 1434, NULL),
(1733, 3, 256, 105, 1439, NULL),
(1734, 3, 275, 105, 1553, NULL),
(1735, 3, 276, 105, 1562, NULL),
(1736, 3, 277, 105, 1569, NULL),
(1737, 3, 278, 105, 1577, NULL),
(1738, 3, 261, 105, 1476, NULL),
(1739, 3, 262, 105, 1481, NULL),
(1740, 3, 263, 105, 1490, NULL),
(1741, 3, 264, 105, 1491, NULL),
(1742, 3, 265, 105, 1496, NULL),
(1743, 3, 266, 105, 1501, NULL),
(1744, 3, 267, 105, 1506, NULL),
(1745, 3, 268, 105, 1511, NULL),
(1746, 3, 269, 105, 1516, NULL),
(1747, 3, 270, 105, 1521, NULL),
(1748, 3, 271, 105, 1526, NULL),
(1749, 3, 272, 105, 1532, NULL),
(1750, 3, 273, 105, 1540, NULL),
(1751, 3, 274, 105, 1544, NULL),
(1752, 3, 245, 106, 1369, NULL),
(1753, 3, 246, 106, 1379, NULL),
(1754, 3, 247, 106, 1389, NULL),
(1755, 3, 248, 106, 1399, NULL),
(1756, 3, 249, 106, 1410, NULL),
(1757, 3, 250, 106, 1419, NULL),
(1758, 3, 251, 106, 1421, NULL),
(1759, 3, 252, 106, 1423, NULL),
(1760, 3, 253, 106, 1425, NULL),
(1761, 3, 253, 106, 1426, NULL),
(1762, 3, 253, 106, 1427, NULL),
(1763, 3, 254, 106, 1432, NULL),
(1764, 3, 255, 106, 1434, NULL),
(1765, 3, 256, 106, 1436, NULL),
(1766, 3, 275, 106, 1551, NULL),
(1767, 3, 276, 106, 1564, NULL),
(1768, 3, 277, 106, 1569, NULL),
(1769, 3, 278, 106, 1579, NULL),
(1770, 3, 261, 106, 1476, NULL),
(1771, 3, 262, 106, 1481, NULL),
(1772, 3, 263, 106, 1486, NULL),
(1773, 3, 264, 106, 1491, NULL),
(1774, 3, 265, 106, 1500, NULL),
(1775, 3, 266, 106, 1501, NULL),
(1776, 3, 245, 107, 1369, NULL),
(1777, 3, 246, 107, 1379, NULL),
(1778, 3, 247, 107, 1389, NULL),
(1779, 3, 248, 107, 1399, NULL),
(1780, 3, 249, 107, 1411, NULL),
(1781, 3, 250, 107, 1419, NULL),
(1782, 3, 251, 107, 1421, NULL),
(1783, 3, 252, 107, 1423, NULL),
(1784, 3, 253, 107, 1425, NULL),
(1785, 3, 253, 107, 1426, NULL),
(1786, 3, 253, 107, 1427, NULL),
(1787, 3, 253, 107, 1428, NULL),
(1788, 3, 253, 107, 1429, NULL),
(1789, 3, 254, 107, 1432, NULL),
(1790, 3, 255, 107, 1434, NULL),
(1791, 3, 256, 107, 1436, NULL),
(1792, 3, 275, 107, 1552, NULL),
(1793, 3, 276, 107, 1560, NULL),
(1794, 3, 277, 107, 1569, NULL),
(1795, 3, 278, 107, 1577, NULL),
(1796, 3, 261, 107, 1478, NULL),
(1797, 3, 262, 107, 1481, NULL),
(1798, 3, 263, 107, 1486, NULL),
(1799, 3, 264, 107, 1491, NULL),
(1800, 3, 266, 107, 1501, NULL),
(1801, 3, 267, 107, 1506, NULL),
(1802, 3, 268, 107, 1511, NULL),
(1803, 3, 269, 107, 1516, NULL),
(1804, 3, 270, 107, 1521, NULL),
(1805, 3, 271, 107, 1526, NULL),
(1806, 3, 272, 107, 1532, NULL),
(1807, 3, 273, 107, 1538, NULL),
(1808, 3, 274, 107, 1544, NULL),
(1809, 3, 245, 108, 1369, NULL),
(1810, 3, 246, 108, 1379, NULL),
(1811, 3, 247, 108, 1394, NULL),
(1812, 3, 248, 108, 1402, NULL),
(1813, 3, 249, 108, 1409, NULL),
(1814, 3, 250, 108, 1419, NULL),
(1815, 3, 251, 108, 1421, NULL),
(1816, 3, 252, 108, 1423, NULL),
(1817, 3, 253, 108, 1426, NULL),
(1818, 3, 254, 108, 1432, NULL),
(1819, 3, 255, 108, 1434, NULL),
(1820, 3, 256, 108, 1436, NULL),
(1821, 3, 275, 108, 1552, NULL),
(1822, 3, 276, 108, 1559, NULL),
(1823, 3, 277, 108, 1570, NULL),
(1824, 3, 278, 108, 1578, NULL),
(1825, 3, 261, 108, 1476, NULL),
(1826, 3, 262, 108, 1481, NULL),
(1827, 3, 263, 108, 1486, NULL),
(1828, 3, 264, 108, 1491, NULL),
(1829, 3, 245, 109, 1369, NULL),
(1830, 3, 246, 109, 1379, NULL),
(1831, 3, 247, 109, 1394, NULL),
(1832, 3, 248, 109, 1402, NULL),
(1833, 3, 249, 109, 1409, NULL),
(1834, 3, 250, 109, 1419, NULL),
(1835, 3, 251, 109, 1421, NULL),
(1836, 3, 252, 109, 1423, NULL),
(1837, 3, 253, 109, 1426, NULL),
(1838, 3, 254, 109, 1432, NULL),
(1839, 3, 255, 109, 1434, NULL),
(1840, 3, 256, 109, 1436, NULL),
(1841, 3, 275, 109, 1552, NULL),
(1842, 3, 276, 109, 1559, NULL),
(1843, 3, 277, 109, 1570, NULL),
(1844, 3, 278, 109, 1578, NULL),
(1845, 3, 261, 109, 1476, NULL),
(1846, 3, 262, 109, 1481, NULL),
(1847, 3, 263, 109, 1486, NULL),
(1848, 3, 264, 109, 1491, NULL),
(1849, 3, 265, 109, 1500, NULL),
(1850, 3, 266, 109, 1503, NULL),
(1851, 3, 267, 109, 1506, NULL),
(1852, 3, 268, 109, 1515, NULL),
(1853, 3, 269, 109, 1520, NULL),
(1854, 3, 270, 109, 1525, NULL),
(1855, 3, 271, 109, 1531, NULL),
(1856, 3, 272, 109, 1537, NULL),
(1857, 3, 273, 109, 1543, NULL),
(1858, 3, 274, 109, 1549, NULL),
(1859, 1, 136, 110, 649, NULL),
(1860, 1, 137, 110, NULL, '24/09/2015'),
(1861, 1, 138, 110, 652, NULL),
(1862, 1, 139, 110, 656, NULL),
(1863, 1, 140, 110, NULL, 'Web Developer'),
(1864, 1, 141, 110, 665, NULL),
(1865, 1, 142, 110, 671, NULL),
(1866, 1, 143, 110, 676, NULL),
(1867, 1, 144, 110, 688, NULL),
(1868, 1, 145, 110, 694, NULL),
(1869, 1, 146, 110, 705, NULL),
(1870, 1, 147, 110, 714, NULL),
(1871, 1, 148, 110, 724, NULL),
(1872, 1, 149, 110, 733, NULL),
(1873, 1, 150, 110, 748, NULL),
(1874, 1, 151, 110, 754, NULL),
(1875, 1, 152, 110, 755, NULL),
(1876, 1, 153, 110, 758, NULL),
(1877, 1, 154, 110, 759, NULL),
(1878, 1, 154, 110, 760, NULL),
(1879, 1, 155, 110, 766, NULL),
(1880, 1, 156, 110, 772, NULL),
(1881, 1, 157, 110, 779, NULL),
(1882, 1, 158, 110, 812, NULL),
(1883, 1, 159, 110, 849, NULL),
(1884, 1, 160, 110, 877, NULL),
(1885, 1, 161, 110, 912, NULL),
(1886, 1, 162, 110, 934, NULL),
(1887, 1, 163, 110, 939, NULL),
(1888, 1, 164, 110, 946, NULL),
(1889, 1, 165, 110, 950, NULL),
(1890, 1, 166, 110, 953, NULL),
(1891, 1, 167, 110, 960, NULL),
(1892, 1, 168, 110, 965, NULL),
(1893, 1, 169, 110, 968, NULL),
(1894, 1, 170, 110, 975, NULL),
(1895, 1, 171, 110, 980, NULL),
(1896, 1, 172, 110, 986, NULL),
(1897, 1, 173, 110, 991, NULL),
(1898, 1, 174, 110, 997, NULL),
(1899, 1, 175, 110, 1003, NULL),
(2996, 100, 320, 150, NULL, '1'),
(2995, 100, 299, 150, NULL, 'hhh'),
(2994, 100, 298, 150, 1738, NULL),
(2993, 100, 297, 150, 1735, NULL),
(2992, 4, 319, 149, 1764, NULL),
(2991, 4, 318, 149, NULL, '3'),
(2990, 4, 317, 149, 1762, NULL),
(2989, 4, 316, 149, NULL, '4'),
(2988, 4, 315, 149, 1760, NULL),
(2987, 4, 314, 149, NULL, '33'),
(2986, 4, 313, 149, 1758, NULL),
(2985, 4, 312, 149, 1756, NULL),
(2984, 4, 311, 149, NULL, '3'),
(2983, 4, 310, 149, 1754, NULL),
(2982, 4, 104, 149, 453, NULL),
(2981, 4, 103, 149, 443, NULL),
(2980, 4, 102, 149, 434, NULL),
(2979, 4, 101, 149, 425, NULL),
(2978, 4, 100, 149, 414, NULL),
(2977, 4, 99, 149, 404, NULL),
(2976, 4, 98, 149, 1659, NULL),
(2975, 4, 97, 149, 1651, NULL),
(2974, 4, 96, 149, 1644, NULL),
(2973, 4, 95, 149, 1634, NULL),
(2972, 4, 94, 149, 1625, NULL),
(2971, 4, 93, 149, 1616, NULL),
(2970, 4, 92, 149, 1592, NULL),
(2969, 4, 295, 149, 1607, NULL),
(2968, 100, 298, 148, 1740, NULL),
(2967, 100, 298, 148, 1739, NULL),
(2966, 100, 297, 148, 1735, NULL),
(2965, 4, 319, 147, 1765, NULL),
(2964, 4, 318, 147, NULL, '2'),
(2963, 4, 317, 147, 1762, NULL),
(2962, 4, 316, 147, NULL, '4'),
(2961, 4, 315, 147, 1760, NULL),
(2960, 4, 314, 147, NULL, '3'),
(2959, 4, 313, 147, 1758, NULL),
(2958, 4, 312, 147, 1756, NULL),
(2957, 4, 311, 147, NULL, '12'),
(2956, 4, 310, 147, 1754, NULL),
(2955, 4, 104, 147, 455, NULL),
(2954, 4, 103, 147, 446, NULL),
(2953, 4, 102, 147, 436, NULL),
(2952, 4, 101, 147, 426, NULL),
(2951, 4, 99, 147, 406, NULL),
(2950, 4, 98, 147, 1660, NULL),
(2949, 4, 97, 147, 1652, NULL),
(2948, 4, 96, 147, 1643, NULL),
(2947, 4, 94, 147, 1627, NULL),
(2946, 4, 93, 147, 1618, NULL),
(2945, 4, 92, 147, 1593, NULL),
(2944, 4, 295, 147, 1611, NULL),
(2943, 2, 1, 143, 2, NULL),
(2942, 4, 319, 146, 1764, NULL),
(2941, 4, 318, 146, NULL, '12'),
(2940, 4, 317, 146, 1762, NULL),
(2939, 4, 316, 146, NULL, '3'),
(2938, 4, 315, 146, 1760, NULL),
(2937, 4, 314, 146, NULL, '5'),
(2936, 4, 313, 146, 1758, NULL),
(2935, 4, 312, 146, 1756, NULL),
(2934, 4, 311, 146, NULL, '3'),
(2933, 4, 310, 146, 1754, NULL),
(2932, 4, 104, 146, 455, NULL),
(2931, 4, 103, 146, 446, NULL),
(2930, 4, 102, 146, 437, NULL),
(2929, 4, 101, 146, 428, NULL),
(2928, 4, 100, 146, 417, NULL),
(2927, 4, 99, 146, 407, NULL),
(2926, 4, 98, 146, 1661, NULL),
(2925, 4, 97, 146, 1653, NULL),
(2924, 4, 96, 146, 1646, NULL),
(2923, 4, 95, 146, 1637, NULL),
(2922, 4, 94, 146, 1628, NULL),
(2921, 4, 93, 146, 1619, NULL),
(2920, 4, 92, 146, 1592, NULL),
(2919, 4, 295, 146, 1608, NULL),
(2918, 4, 319, 145, 1764, NULL),
(2917, 4, 318, 145, NULL, '12'),
(2916, 4, 317, 145, 1762, NULL),
(2915, 4, 316, 145, NULL, '1'),
(2914, 4, 315, 145, 1760, NULL),
(2913, 4, 314, 145, NULL, '1'),
(2912, 4, 313, 145, 1758, NULL),
(2911, 4, 312, 145, 1756, NULL),
(2910, 4, 311, 145, NULL, '3'),
(1992, 1, 136, 112, 649, NULL),
(1993, 1, 137, 112, NULL, '05/02/1955'),
(1994, 1, 138, 112, 652, NULL),
(1995, 1, 139, 112, 664, NULL),
(1996, 1, 140, 112, NULL, 'Psychologist.'),
(1997, 1, 141, 112, 670, NULL),
(1998, 1, 142, 112, 673, NULL),
(1999, 1, 143, 112, 676, NULL),
(2000, 1, 144, 112, 688, NULL),
(2001, 1, 145, 112, 696, NULL),
(2002, 1, 146, 112, 707, NULL),
(2003, 1, 147, 112, 717, NULL),
(2004, 1, 148, 112, 727, NULL),
(2005, 1, 149, 112, 737, NULL),
(2006, 1, 150, 112, 747, NULL),
(2007, 1, 151, 112, 753, NULL),
(2008, 1, 152, 112, 755, NULL),
(2009, 1, 153, 112, 757, NULL),
(2010, 1, 154, 112, 761, NULL),
(2011, 1, 154, 112, 764, NULL),
(2012, 1, 155, 112, 766, NULL),
(2013, 1, 156, 112, 772, NULL),
(2014, 1, 157, 112, 781, NULL),
(2015, 1, 158, 112, 809, NULL),
(2016, 1, 159, 112, 840, NULL),
(2017, 1, 160, 112, 873, NULL),
(2018, 1, 161, 112, 902, NULL),
(2019, 1, 162, 112, 934, NULL),
(2020, 1, 163, 112, 939, NULL),
(2021, 1, 164, 112, 945, NULL),
(2022, 1, 165, 112, 952, NULL),
(2023, 1, 166, 112, 955, NULL),
(2024, 1, 167, 112, 958, NULL),
(2025, 1, 168, 112, 967, NULL),
(2026, 1, 169, 112, 972, NULL),
(2027, 1, 170, 112, 974, NULL),
(2028, 1, 171, 112, 978, NULL),
(2029, 1, 172, 112, 986, NULL),
(2030, 1, 173, 112, 993, NULL),
(2031, 1, 174, 112, 1000, NULL),
(2032, 1, 175, 112, 1006, NULL),
(3037, 100, 320, 152, NULL, '321431234'),
(3036, 100, 322, 152, NULL, 't'),
(3035, 100, 299, 152, NULL, 'Hey now'),
(3034, 100, 298, 152, 1739, NULL),
(3033, 100, 298, 152, 1738, NULL),
(3032, 100, 297, 152, 1735, NULL),
(3031, 2, 29, 151, NULL, '45'),
(3030, 2, 28, 151, NULL, '33'),
(3029, 2, 27, 151, NULL, '34'),
(3028, 2, 308, 151, NULL, '3'),
(3027, 2, 306, 151, NULL, '2'),
(3026, 2, 305, 151, 1748, NULL),
(3025, 2, 304, 151, NULL, '43'),
(3024, 2, 303, 151, 1746, NULL),
(3023, 2, 302, 151, 1744, NULL),
(3022, 2, 301, 151, NULL, '32'),
(3021, 2, 300, 151, 1742, NULL),
(3020, 2, 26, 151, 141, NULL),
(3019, 2, 25, 151, 136, NULL),
(3018, 2, 24, 151, 131, NULL),
(3017, 2, 23, 151, NULL, '12'),
(3016, 2, 22, 151, NULL, '22'),
(3015, 2, 7, 151, 24, NULL),
(3014, 2, 21, 151, 112, NULL),
(3013, 2, 20, 151, NULL, '23'),
(3012, 2, 19, 151, NULL, '23'),
(3011, 2, 15, 151, NULL, '23'),
(3010, 2, 14, 151, 67, NULL),
(3009, 2, 296, 151, 1694, NULL),
(3008, 2, 13, 151, 62, NULL),
(3007, 2, 12, 151, 64, NULL),
(3006, 2, 11, 151, 47, NULL),
(3005, 2, 10, 151, 39, NULL),
(3004, 2, 9, 151, 34, NULL),
(3003, 2, 8, 151, 30, NULL),
(3002, 2, 6, 151, 19, NULL),
(3001, 2, 5, 151, 13, NULL),
(3000, 2, 4, 151, 8, NULL),
(2999, 2, 3, 151, NULL, '32'),
(2998, 2, 2, 151, NULL, '01/02/2001'),
(2997, 2, 1, 151, 1, NULL),
(2221, 1, 136, 116, 650, NULL),
(2222, 1, 137, 116, NULL, '15/08/1970'),
(2223, 1, 138, 116, 653, NULL),
(2224, 1, 139, 116, 661, NULL),
(2225, 1, 140, 116, NULL, 'Professor'),
(2226, 1, 141, 116, 670, NULL),
(2227, 1, 142, 116, 673, NULL),
(2228, 1, 143, 116, 677, NULL),
(2229, 1, 144, 116, 692, NULL),
(2230, 1, 145, 116, 702, NULL),
(2231, 1, 146, 116, 709, NULL),
(2232, 1, 147, 116, 719, NULL),
(2233, 1, 148, 116, 729, NULL),
(2234, 1, 149, 116, 739, NULL),
(2235, 1, 150, 116, 749, NULL),
(2236, 1, 151, 116, 753, NULL),
(2237, 1, 152, 116, 755, NULL);
INSERT INTO `survey_answers` (`id`, `survey_id`, `question_id`, `results_id`, `choice_id`, `answer`) VALUES
(2238, 1, 153, 116, 758, NULL),
(2239, 1, 154, 116, 761, NULL),
(2240, 1, 155, 116, 766, NULL),
(2241, 1, 156, 116, 772, NULL),
(2242, 1, 157, 116, 782, NULL),
(2243, 1, 158, 116, 809, NULL),
(2244, 1, 159, 116, 840, NULL),
(2245, 1, 160, 116, 871, NULL),
(2246, 1, 161, 116, 902, NULL),
(2247, 1, 162, 116, 933, NULL),
(2248, 1, 163, 116, 938, NULL),
(2249, 1, 164, 116, 943, NULL),
(2250, 1, 165, 116, 952, NULL),
(2251, 1, 166, 116, 955, NULL),
(2252, 1, 167, 116, 960, NULL),
(2253, 1, 168, 116, 965, NULL),
(2254, 1, 169, 116, 970, NULL),
(2255, 1, 170, 116, 975, NULL),
(2256, 1, 171, 116, 980, NULL),
(2257, 1, 172, 116, 985, NULL),
(2258, 1, 173, 116, 991, NULL),
(2259, 1, 174, 116, 997, NULL),
(2260, 1, 175, 116, 1003, NULL),
(2261, 1, 136, 117, 649, NULL),
(2262, 1, 137, 117, NULL, '29/10/1972'),
(2263, 1, 138, 117, 653, NULL),
(2264, 1, 139, 117, 658, NULL),
(2265, 1, 140, 117, NULL, 'EMT'),
(2266, 1, 141, 117, 669, NULL),
(2267, 1, 142, 117, 672, NULL),
(2268, 1, 143, 117, 677, NULL),
(2269, 1, 144, 117, 689, NULL),
(2270, 1, 145, 117, 695, NULL),
(2271, 1, 146, 117, 707, NULL),
(2272, 1, 147, 117, 717, NULL),
(2273, 1, 148, 117, 727, NULL),
(2274, 1, 149, 117, 737, NULL),
(2275, 1, 150, 117, 747, NULL),
(2276, 1, 151, 117, 753, NULL),
(2277, 1, 152, 117, 756, NULL),
(2278, 1, 153, 117, 758, NULL),
(2279, 1, 155, 117, 766, NULL),
(2280, 1, 156, 117, 772, NULL),
(2281, 1, 157, 117, 778, NULL),
(2282, 1, 158, 117, 809, NULL),
(2283, 1, 159, 117, 840, NULL),
(2284, 1, 160, 117, 871, NULL),
(2285, 1, 161, 117, 902, NULL),
(2286, 1, 162, 117, 934, NULL),
(2287, 1, 163, 117, 939, NULL),
(2288, 1, 164, 117, 945, NULL),
(2289, 1, 165, 117, 952, NULL),
(2290, 1, 166, 117, 955, NULL),
(2291, 1, 167, 117, 958, NULL),
(2292, 1, 168, 117, 967, NULL),
(2293, 1, 169, 117, 972, NULL),
(2294, 1, 170, 117, 974, NULL),
(2295, 1, 171, 117, 978, NULL),
(2296, 1, 172, 117, 984, NULL),
(2297, 1, 173, 117, 990, NULL),
(2298, 1, 174, 117, 1000, NULL),
(2299, 1, 175, 117, 1006, NULL),
(2449, 100, 298, 128, 1741, NULL),
(2448, 100, 298, 128, 1740, NULL),
(2447, 100, 298, 128, 1739, NULL),
(2446, 100, 298, 128, 1738, NULL),
(2445, 100, 297, 128, 1735, NULL),
(2444, 100, 298, 127, 1740, NULL),
(2443, 100, 298, 127, 1739, NULL),
(2442, 100, 298, 127, 1738, NULL),
(2441, 100, 297, 127, 1737, NULL),
(2587, 100, 297, 133, 1736, NULL),
(2588, 100, 298, 133, 1738, NULL),
(2589, 100, 298, 133, 1739, NULL),
(2590, 100, 299, 133, NULL, 'test'),
(2591, 100, 297, 134, 1735, NULL),
(2592, 100, 297, 135, 1736, NULL),
(2593, 100, 298, 135, 1738, NULL),
(2594, 100, 298, 135, 1740, NULL),
(2595, 100, 298, 135, 1741, NULL),
(2596, 100, 299, 135, NULL, 'This is a test'),
(2597, 100, 297, 136, 1736, NULL),
(2598, 100, 298, 136, 1738, NULL),
(2599, 100, 298, 136, 1739, NULL),
(2600, 100, 298, 136, 1740, NULL),
(2601, 100, 299, 136, NULL, 'Hi'),
(2602, 100, 297, 137, 1735, NULL),
(2603, 100, 298, 137, 1738, NULL),
(2604, 100, 299, 137, NULL, 'testing sha1()'),
(2605, 100, 297, 138, 1735, NULL),
(2606, 100, 298, 138, 1738, NULL),
(2607, 100, 299, 138, NULL, 'rrrr'),
(2608, 100, 297, 139, 1735, NULL),
(2609, 100, 298, 139, 1739, NULL),
(2610, 100, 299, 139, NULL, 'bbbb');

-- --------------------------------------------------------

--
-- Table structure for table `survey_choices`
--

CREATE TABLE `survey_choices` (
  `id` bigint(20) UNSIGNED NOT NULL,
  `survey_id` int(11) NOT NULL,
  `question_id` int(11) NOT NULL,
  `choice` text
) ENGINE=MyISAM DEFAULT CHARSET=utf8;

--
-- Dumping data for table `survey_choices`
--

INSERT INTO `survey_choices` (`id`, `survey_id`, `question_id`, `choice`) VALUES
(1, 2, 1, 'Male'),
(2, 2, 1, 'Female'),
(3, 2, 1, 'Transgender (male to female)'),
(4, 2, 1, 'Transgender (female to male)'),
(5, 2, 4, 'American Indian'),
(6, 2, 4, 'Asian'),
(7, 2, 4, 'Black/African American'),
(8, 2, 4, 'Hispanic'),
(9, 2, 4, 'Native Hawaiian'),
(10, 2, 4, 'White/Caucasian'),
(11, 2, 4, 'Some other group'),
(12, 2, 4, 'Do not wish to reply'),
(13, 2, 5, 'Celibate, nonsexual or asexual'),
(14, 2, 5, 'Heterosexual or straight'),
(15, 2, 5, 'Homosexual, gay or lesbian'),
(16, 2, 5, 'Bisexual'),
(17, 2, 5, 'Questioning or not sure'),
(18, 2, 5, 'Other'),
(19, 2, 6, 'Single'),
(20, 2, 6, 'Married or living together as married'),
(21, 2, 6, 'Divorced'),
(22, 2, 6, 'Separated'),
(23, 2, 6, 'Widowed'),
(24, 2, 7, 'Yes'),
(25, 2, 7, 'No'),
(1727, 1, 155, '5'),
(1726, 1, 155, '4'),
(1725, 1, 155, '3'),
(29, 2, 8, 'Unemployed'),
(30, 2, 8, 'Employed part-time'),
(31, 2, 8, 'Employed full-time'),
(32, 2, 9, 'Not currently enrolled in school'),
(33, 2, 9, 'Currently enrolled in high school'),
(34, 2, 9, 'Currently enrolled in part-time undergraduate study'),
(35, 2, 9, 'Currently enrolled in full-time undergraduate study'),
(36, 2, 9, 'Currently enrolled in part-time graduate study'),
(37, 2, 9, 'Currently enrolled in full-time graduate study'),
(38, 2, 10, 'Some high school'),
(39, 2, 10, 'High School Diploma or GED'),
(40, 2, 10, 'Some College'),
(41, 2, 10, 'Associates Degree'),
(42, 2, 10, 'Bachelor''s Degree'),
(43, 2, 10, 'Graduate Degree'),
(44, 2, 11, 'No/None'),
(45, 2, 11, 'Agnostic/Athiest'),
(46, 2, 11, 'Baptist'),
(47, 2, 11, 'Buddhist'),
(48, 2, 11, 'Catholic'),
(49, 2, 11, 'Evangelical'),
(50, 2, 11, 'Hindu'),
(51, 2, 11, 'Jewish'),
(52, 2, 11, 'Lutheran'),
(53, 2, 11, 'Methodist'),
(54, 2, 11, 'Muslim'),
(55, 2, 11, 'Presbyterian'),
(56, 2, 11, 'Other protestant'),
(57, 2, 11, 'Shinto'),
(58, 2, 11, 'Native American Church'),
(59, 2, 11, 'Traditional Native American'),
(60, 2, 11, 'Christian (non-denominational or not specified)'),
(61, 2, 11, 'Some other group'),
(62, 2, 13, 'Yes'),
(63, 2, 13, 'No'),
(64, 2, 12, 'Yes'),
(65, 2, 12, 'No'),
(66, 2, 14, 'Alcohol'),
(67, 2, 14, 'Cocaine'),
(68, 2, 14, 'Amphetamine'),
(69, 2, 14, 'Marijuana'),
(70, 2, 14, 'Opiates (e.g. Oxycontin, Heroin, etc)'),
(71, 2, 14, 'Sedatives (e.g. Valium, Ativan, Ambien)'),
(72, 2, 14, 'Hallucinogens (e.g. LSD, Ecstasy, Mushrooms)'),
(73, 2, 14, 'Inhalants'),
(74, 2, 14, 'Steroids'),
(75, 2, 16, 'Lottery/Scratch Tickets'),
(76, 2, 16, 'Lottery/Keno'),
(77, 2, 16, 'Lottery/Numbers Game'),
(78, 2, 16, 'Slot Machines'),
(79, 2, 16, 'Casino Games'),
(80, 2, 16, 'Card Games'),
(81, 2, 16, 'Sports Betting'),
(82, 2, 16, 'Bingo'),
(83, 2, 16, 'Dog/Horse Tracks'),
(84, 2, 16, 'Stock Market'),
(85, 2, 16, 'Internet Gambling'),
(86, 2, 16, 'Other Gambling'),
(87, 2, 17, 'Excellent'),
(88, 2, 17, 'Very good'),
(89, 2, 17, 'Good'),
(90, 2, 17, 'Fair'),
(91, 2, 17, 'Poor'),
(92, 2, 17, 'Card Games'),
(93, 2, 17, 'Sports Betting'),
(94, 2, 17, 'Bingo'),
(95, 2, 17, 'Dog/Horse Tracks'),
(96, 2, 17, 'Stock Market'),
(97, 2, 17, 'Internet Gambling'),
(98, 2, 17, 'Other Gambling'),
(115, 2, 21, 'Have trouble sleeping, including sleeping too much or not being able to sleep'),
(114, 2, 21, 'Have bad dreams that seemed real'),
(113, 2, 21, 'Feel tired'),
(112, 2, 21, 'Yawn more than usual'),
(111, 2, 21, 'Move and talk much slower than usual'),
(116, 2, 21, 'Feel really nervous'),
(117, 2, 21, 'Feel sad, angry or tense'),
(118, 2, 21, 'Fidget, pace, wring your hands, or have trouble sitting still?'),
(119, 2, 21, 'Have shaky hands'),
(120, 2, 21, 'Have convulsions or seizures'),
(121, 2, 21, 'Feel hungrier than usual'),
(122, 2, 21, 'Throw up or feel like throwing up'),
(123, 2, 21, 'Have diarrhea'),
(124, 2, 21, 'Have muscle itches'),
(125, 2, 21, 'Have a runny nose or eyes watering more than usual'),
(126, 2, 21, 'Sweat more than usual, have your heart race, or have goose bumps'),
(127, 2, 21, 'Have a fever'),
(128, 2, 21, 'See or hear things that are not real'),
(129, 2, 21, 'Forget a lot of things or have problems remembering'),
(130, 2, 24, 'N/A'),
(131, 2, 24, 'Sometimes'),
(132, 2, 24, 'Always'),
(133, 2, 24, 'Never'),
(134, 2, 25, 'N/A'),
(135, 2, 25, 'Pharmacy'),
(136, 2, 25, 'Friends'),
(137, 2, 25, 'Exchange'),
(138, 2, 25, 'Other'),
(139, 2, 26, 'N/A'),
(140, 2, 26, 'Throw away'),
(141, 2, 26, 'Needle Exchange'),
(142, 2, 26, 'Bring to Pharmacy'),
(143, 2, 26, 'Disposal Site'),
(144, 2, 26, 'Other'),
(145, 2, 40, '1'),
(146, 2, 40, '2'),
(147, 2, 40, '3'),
(148, 2, 40, '4'),
(149, 2, 40, '5'),
(150, 2, 40, '6'),
(151, 2, 40, '7'),
(152, 2, 40, '8'),
(153, 2, 40, '9'),
(154, 2, 40, '10'),
(155, 2, 41, '1'),
(156, 2, 41, '2'),
(157, 2, 41, '3'),
(158, 2, 41, '4'),
(159, 2, 41, '5'),
(160, 2, 41, '6'),
(161, 2, 41, '7'),
(162, 2, 41, '8'),
(163, 2, 41, '9'),
(164, 2, 41, '10'),
(165, 2, 42, '1'),
(166, 2, 42, '2'),
(167, 2, 42, '3'),
(168, 2, 42, '4'),
(169, 2, 42, '5'),
(170, 2, 42, '6'),
(171, 2, 42, '7'),
(172, 2, 42, '8'),
(173, 2, 42, '9'),
(174, 2, 42, '10'),
(175, 2, 43, '1'),
(176, 2, 43, '2'),
(177, 2, 43, '3'),
(178, 2, 43, '4'),
(179, 2, 43, '5'),
(180, 2, 43, '6'),
(181, 2, 43, '7'),
(182, 2, 43, '8'),
(183, 2, 43, '9'),
(184, 2, 43, '10'),
(185, 2, 44, 'Never'),
(186, 2, 44, 'Monthly or less'),
(187, 2, 44, '2-4 times a month'),
(188, 2, 44, '2-3 times a week'),
(189, 2, 44, '4 or more times a week'),
(190, 2, 45, '1 or 2'),
(191, 2, 45, '3 or 4'),
(192, 2, 45, '5 or 6'),
(193, 2, 45, '7 to 9'),
(194, 2, 45, '10 or more'),
(195, 2, 46, 'Never'),
(196, 2, 46, 'Less than monthly'),
(197, 2, 46, 'Monthly'),
(198, 2, 46, 'Weekly'),
(199, 2, 46, 'Daily or almost daily'),
(200, 2, 47, 'Never'),
(201, 2, 47, 'Less than monthly'),
(202, 2, 47, 'Monthly'),
(203, 2, 47, 'Weekly'),
(204, 2, 47, 'Daily or almost daily'),
(205, 2, 48, 'Never'),
(206, 2, 48, 'Less than monthly'),
(207, 2, 48, 'Monthly'),
(208, 2, 48, 'Weekly'),
(209, 2, 48, 'Daily or almost daily'),
(210, 2, 49, 'Never'),
(211, 2, 49, 'Less than monthly'),
(212, 2, 49, 'Monthly'),
(213, 2, 49, 'Weekly'),
(214, 2, 49, 'Daily or almost daily'),
(215, 2, 50, 'Never'),
(216, 2, 50, 'Less than monthly'),
(217, 2, 50, 'Monthly'),
(218, 2, 50, 'Weekly'),
(219, 2, 50, 'Daily or almost daily'),
(220, 2, 51, 'No'),
(221, 2, 51, 'Yes, but not in the last year'),
(222, 2, 51, 'Yes, during the last year'),
(223, 2, 52, 'No'),
(224, 2, 52, 'Yes, but not in the last year'),
(225, 2, 52, 'Yes, during the last year'),
(226, 2, 55, '0 Never'),
(227, 2, 55, '1 Sometimes'),
(228, 2, 55, '2 Often'),
(229, 2, 55, '3 Nearly Always'),
(230, 2, 56, '0 Never'),
(231, 2, 56, '1 Sometimes'),
(232, 2, 56, '2 Often'),
(233, 2, 56, '3 Nearly Always'),
(234, 2, 57, '0 Never'),
(235, 2, 57, '1 Sometimes'),
(236, 2, 57, '2 Often'),
(237, 2, 57, '3 Nearly Always'),
(238, 2, 58, '0 Never'),
(239, 2, 58, '1 Sometimes'),
(240, 2, 58, '2 Often'),
(241, 2, 58, '3 Nearly Always'),
(242, 2, 59, '0 Never'),
(243, 2, 59, '1 Sometimes'),
(244, 2, 59, '2 Often'),
(245, 2, 59, '3 Nearly Always'),
(246, 2, 60, '0 Never'),
(247, 2, 60, '1 Sometimes'),
(248, 2, 60, '2 Often'),
(249, 2, 60, '3 Nearly Always'),
(250, 2, 61, '0 Never'),
(251, 2, 61, '1 Sometimes'),
(252, 2, 61, '2 Often'),
(253, 2, 61, '3 Nearly Always'),
(254, 2, 62, '0 Never'),
(255, 2, 62, '1 Sometimes'),
(256, 2, 62, '2 Often'),
(257, 2, 62, '3 Nearly Always'),
(258, 2, 63, '0 Never'),
(259, 2, 63, '1 Sometimes'),
(260, 2, 63, '2 Often'),
(261, 2, 63, '3 Nearly Always'),
(262, 2, 64, '0 Never'),
(263, 2, 64, '1 Sometimes'),
(264, 2, 64, '2 Often'),
(265, 2, 64, '3 Nearly Always'),
(266, 2, 65, '0 Not at all'),
(267, 2, 65, '1 Several days'),
(268, 2, 65, '2 More than half the days'),
(269, 2, 65, '3 Nearly every day'),
(270, 2, 66, '0 Not at all'),
(271, 2, 66, '1 Several days'),
(272, 2, 66, '2 More than half the days'),
(273, 2, 66, '3 Nearly every day'),
(274, 2, 67, '0 Not at all'),
(275, 2, 67, '1 Several days'),
(276, 2, 67, '2 More than half the days'),
(277, 2, 67, '3 Nearly every day'),
(278, 2, 68, '0 Not at all'),
(279, 2, 68, '1 Several days'),
(280, 2, 68, '2 More than half the days'),
(281, 2, 68, '3 Nearly every day'),
(282, 2, 69, '0 Not at all'),
(283, 2, 69, '1 Several days'),
(284, 2, 69, '2 More than half the days'),
(285, 2, 69, '3 Nearly every day'),
(286, 2, 70, '0 Not at all'),
(287, 2, 70, '1 Several days'),
(288, 2, 70, '2 More than half the days'),
(289, 2, 70, '3 Nearly every day'),
(290, 2, 71, '0 Not at all'),
(291, 2, 71, '1 Several days'),
(292, 2, 71, '2 More than half the days'),
(293, 2, 71, '3 Nearly every day'),
(294, 2, 72, '0 Not at all'),
(295, 2, 72, '1 Several days'),
(296, 2, 72, '2 More than half the days'),
(297, 2, 72, '3 Nearly every day'),
(298, 2, 73, '0 Not at all'),
(299, 2, 73, '1 Several days'),
(300, 2, 73, '2 More than half the days'),
(301, 2, 73, '3 Nearly every day'),
(302, 2, 74, 'Not difficult at all'),
(303, 2, 74, 'Somewhat difficult'),
(304, 2, 74, 'Very difficult'),
(305, 2, 74, 'Extremely difficult'),
(306, 2, 75, '0 Not at all'),
(307, 2, 75, '1 Several days'),
(308, 2, 75, '2 More than half the days'),
(309, 2, 75, '3 Nearly every day'),
(310, 2, 76, '0 Not at all'),
(311, 2, 76, '1 Several days'),
(312, 2, 76, '2 More than half the days'),
(313, 2, 76, '3 Nearly every day'),
(314, 2, 77, '0 Not at all'),
(315, 2, 77, '1 Several days'),
(316, 2, 77, '2 More than half the days'),
(317, 2, 77, '3 Nearly every day'),
(318, 2, 78, '0 Not at all'),
(319, 2, 78, '1 Several days'),
(320, 2, 78, '2 More than half the days'),
(321, 2, 78, '3 Nearly every day'),
(322, 2, 79, '0 Not at all'),
(323, 2, 79, '1 Several days'),
(324, 2, 79, '2 More than half the days'),
(325, 2, 79, '3 Nearly every day'),
(326, 2, 80, '0 Not at all'),
(327, 2, 80, '1 Several days'),
(328, 2, 80, '2 More than half the days'),
(329, 2, 80, '3 Nearly every day'),
(330, 2, 81, '0 Not at all'),
(331, 2, 81, '1 Several days'),
(332, 2, 81, '2 More than half the days'),
(333, 2, 81, '3 Nearly every day'),
(334, 2, 82, '0'),
(335, 2, 82, '1'),
(336, 2, 82, '2'),
(337, 2, 82, '3'),
(338, 2, 82, '4'),
(339, 2, 82, '5'),
(340, 2, 82, '6'),
(341, 2, 82, '7'),
(342, 2, 82, '8'),
(343, 2, 82, '9'),
(344, 2, 83, '0'),
(345, 2, 83, '1'),
(346, 2, 83, '2'),
(347, 2, 83, '3'),
(348, 2, 83, '4'),
(349, 2, 83, '5'),
(350, 2, 83, '6'),
(351, 2, 83, '7'),
(352, 2, 83, '8'),
(353, 2, 83, '9'),
(354, 2, 84, '0'),
(355, 2, 84, '1'),
(356, 2, 84, '2'),
(357, 2, 84, '3'),
(358, 2, 84, '4'),
(359, 2, 84, '5'),
(360, 2, 84, '6'),
(361, 2, 84, '7'),
(362, 2, 84, '8'),
(363, 2, 84, '9'),
(364, 2, 85, '0'),
(365, 2, 85, '1'),
(366, 2, 85, '2'),
(367, 2, 85, '3'),
(368, 2, 85, '4'),
(369, 2, 85, '5'),
(370, 2, 85, '6'),
(371, 2, 85, '7'),
(372, 2, 85, '8'),
(373, 2, 85, '9'),
(374, 2, 85, '10'),
(375, 2, 86, 'Strongly disagree'),
(376, 2, 86, 'Disagree'),
(377, 2, 86, 'Neutral'),
(378, 2, 86, 'Agree'),
(379, 2, 86, 'Strongly agree'),
(380, 2, 87, 'Strongly disagree'),
(381, 2, 87, 'Disagree'),
(382, 2, 87, 'Neutral'),
(383, 2, 87, 'Agree'),
(384, 2, 87, 'Strongly agree'),
(385, 2, 88, 'Strongly disagree'),
(386, 2, 88, 'Disagree'),
(387, 2, 88, 'Neutral'),
(388, 2, 88, 'Agree'),
(389, 2, 88, 'Strongly agree'),
(390, 2, 89, 'Strongly disagree'),
(391, 2, 89, 'Disagree'),
(392, 2, 89, 'Neutral'),
(393, 2, 89, 'Agree'),
(394, 2, 89, 'Strongly agree'),
(395, 2, 90, 'Strongly disagree'),
(396, 2, 90, 'Disagree'),
(397, 2, 90, 'Neutral'),
(398, 2, 90, 'Agree'),
(399, 2, 90, 'Strongly agree'),
(400, 4, 99, '0'),
(401, 4, 99, '1'),
(402, 4, 99, '2'),
(403, 4, 99, '3'),
(404, 4, 99, '4'),
(405, 4, 99, '5'),
(406, 4, 99, '6'),
(407, 4, 99, '7'),
(408, 4, 99, '8'),
(409, 4, 99, '9'),
(410, 4, 100, '0'),
(411, 4, 100, '1'),
(412, 4, 100, '2'),
(413, 4, 100, '3'),
(414, 4, 100, '4'),
(415, 4, 100, '5'),
(416, 4, 100, '6'),
(417, 4, 100, '7'),
(418, 4, 100, '8'),
(419, 4, 100, '9'),
(420, 4, 101, '0'),
(421, 4, 101, '1'),
(422, 4, 101, '2'),
(423, 4, 101, '3'),
(424, 4, 101, '4'),
(425, 4, 101, '5'),
(426, 4, 101, '6'),
(427, 4, 101, '7'),
(428, 4, 101, '8'),
(429, 4, 101, '9'),
(430, 4, 102, '0'),
(431, 4, 102, '1'),
(432, 4, 102, '2'),
(433, 4, 102, '3'),
(434, 4, 102, '4'),
(435, 4, 102, '5'),
(436, 4, 102, '6'),
(437, 4, 102, '7'),
(438, 4, 102, '8'),
(439, 4, 102, '9'),
(440, 4, 103, '0'),
(441, 4, 103, '1'),
(442, 4, 103, '2'),
(443, 4, 103, '3'),
(444, 4, 103, '4'),
(445, 4, 103, '5'),
(446, 4, 103, '6'),
(447, 4, 103, '7'),
(448, 4, 103, '8'),
(449, 4, 103, '9'),
(450, 4, 104, '0'),
(451, 4, 104, '1'),
(452, 4, 104, '2'),
(453, 4, 104, '3'),
(454, 4, 104, '4'),
(455, 4, 104, '5'),
(456, 4, 104, '6'),
(457, 4, 104, '7'),
(458, 4, 104, '8'),
(459, 4, 104, '9'),
(460, 3, 105, '1'),
(461, 3, 105, '2'),
(462, 3, 105, '3'),
(463, 3, 105, '4'),
(464, 3, 105, '5'),
(465, 3, 105, '6'),
(466, 3, 105, '7'),
(467, 3, 105, '8'),
(468, 3, 105, '9'),
(469, 3, 105, '10'),
(470, 3, 106, '1'),
(471, 3, 106, '2'),
(472, 3, 106, '3'),
(473, 3, 106, '4'),
(474, 3, 106, '5'),
(475, 3, 106, '6'),
(476, 3, 106, '7'),
(477, 3, 106, '8'),
(478, 3, 106, '9'),
(479, 3, 106, '10'),
(480, 3, 107, '1'),
(481, 3, 107, '2'),
(482, 3, 107, '3'),
(483, 3, 107, '4'),
(484, 3, 107, '5'),
(485, 3, 107, '6'),
(486, 3, 107, '7'),
(487, 3, 107, '8'),
(488, 3, 107, '9'),
(489, 3, 107, '10'),
(490, 3, 108, '1'),
(491, 3, 108, '2'),
(492, 3, 108, '3'),
(493, 3, 108, '4'),
(494, 3, 108, '5'),
(495, 3, 108, '6'),
(496, 3, 108, '7'),
(497, 3, 108, '8'),
(498, 3, 108, '9'),
(499, 3, 108, '10'),
(500, 3, 109, '1'),
(501, 3, 109, '2'),
(502, 3, 109, '3'),
(503, 3, 109, '4'),
(504, 3, 109, '5'),
(505, 3, 109, '6'),
(506, 3, 109, '7'),
(507, 3, 109, '8'),
(508, 3, 109, '9'),
(509, 3, 109, '10'),
(510, 3, 110, 'Yes'),
(511, 3, 110, 'No'),
(512, 3, 111, 'Yes'),
(513, 3, 111, 'No'),
(514, 3, 112, 'Yes'),
(515, 3, 112, 'No'),
(516, 3, 113, 'ARMS Parent Group Monday Night'),
(517, 3, 113, 'ARMS Parent Group Wednesday Night'),
(518, 3, 113, 'ARMS Parent Coaching'),
(519, 3, 113, 'Al-Anon'),
(520, 3, 113, 'Nar-Anon'),
(521, 3, 113, 'Learn to Cope'),
(522, 3, 113, 'Families Anonymous'),
(523, 3, 114, '0'),
(524, 3, 114, '1'),
(525, 3, 115, '0'),
(526, 3, 115, '1'),
(527, 3, 116, '0'),
(528, 3, 116, '1'),
(529, 3, 116, '2'),
(530, 3, 116, '3'),
(531, 3, 116, '4'),
(532, 3, 116, '5'),
(533, 3, 116, '6'),
(534, 3, 116, '7'),
(535, 3, 117, '0'),
(536, 3, 117, '1'),
(537, 3, 117, '2'),
(538, 3, 117, '3'),
(539, 3, 117, '4'),
(540, 3, 117, '5'),
(541, 3, 117, '6'),
(542, 3, 117, '7'),
(543, 3, 118, '0'),
(544, 3, 118, '1'),
(545, 3, 118, '2'),
(546, 3, 118, '3'),
(547, 3, 118, '4'),
(548, 3, 118, '5'),
(549, 3, 118, '6'),
(550, 3, 118, '7'),
(551, 3, 119, '0'),
(552, 3, 119, '1'),
(553, 3, 119, '2'),
(554, 3, 119, '3'),
(555, 3, 119, '4'),
(556, 3, 119, '5'),
(557, 3, 119, '6'),
(558, 3, 119, '7'),
(559, 3, 120, '0'),
(560, 3, 120, '1'),
(561, 3, 120, '2'),
(562, 3, 120, '3'),
(563, 3, 120, '4'),
(564, 3, 120, '5'),
(565, 3, 120, '6'),
(566, 3, 120, '7'),
(1007, 9, 184, '1'),
(577, 3, 122, '2 Sometimes'),
(576, 3, 122, '1 Almost never'),
(575, 3, 122, '0 Never'),
(578, 3, 122, '3 Fairly Often'),
(579, 3, 122, '4 Very Often'),
(580, 3, 123, '0 Never'),
(581, 3, 123, '1 Almost never'),
(582, 3, 123, '2 Sometimes'),
(583, 3, 123, '3 Fairly Often'),
(584, 3, 123, '4 Very Often'),
(585, 3, 124, '0 Never'),
(586, 3, 124, '1 Almost never'),
(587, 3, 124, '2 Sometimes'),
(588, 3, 124, '3 Fairly Often'),
(589, 3, 124, '4 Very Often'),
(590, 3, 125, '0 Never'),
(591, 3, 125, '1 Almost never'),
(592, 3, 125, '2 Sometimes'),
(593, 3, 125, '3 Fairly Often'),
(594, 3, 125, '4 Very Often'),
(595, 3, 126, '0 Never'),
(596, 3, 126, '1 Almost never'),
(597, 3, 126, '2 Sometimes'),
(598, 3, 126, '3 Fairly Often'),
(599, 3, 126, '4 Very Often'),
(600, 3, 127, '0 Never'),
(601, 3, 127, '1 Almost never'),
(602, 3, 127, '2 Sometimes'),
(603, 3, 127, '3 Fairly Often'),
(604, 3, 127, '4 Very Often'),
(605, 3, 128, '0 Never'),
(606, 3, 128, '1 Almost never'),
(607, 3, 128, '2 Sometimes'),
(608, 3, 128, '3 Fairly Often'),
(609, 3, 128, '4 Very Often'),
(610, 3, 129, '0 Never'),
(611, 3, 129, '1 Almost never'),
(612, 3, 129, '2 Sometimes'),
(613, 3, 129, '3 Fairly Often'),
(614, 3, 129, '4 Very Often'),
(615, 3, 130, '0 Never'),
(616, 3, 130, '1 Almost never'),
(617, 3, 130, '2 Sometimes'),
(618, 3, 130, '3 Fairly Often'),
(619, 3, 130, '4 Very Often'),
(620, 3, 131, '0 Never'),
(621, 3, 131, '1 Almost never'),
(622, 3, 131, '2 Sometimes'),
(623, 3, 131, '3 Fairly Often'),
(624, 3, 131, '4 Very Often'),
(625, 3, 132, '1 All of the time'),
(626, 3, 132, '2 Most of the time'),
(627, 3, 132, '3 A good bit of the time'),
(628, 3, 132, '4 Some of the time'),
(629, 3, 132, '5 A little of the time'),
(630, 3, 132, '6 None of the time'),
(631, 3, 133, '1 All of the time'),
(632, 3, 133, '2 Most of the time'),
(633, 3, 133, '3 A good bit of the time'),
(634, 3, 133, '4 Some of the time'),
(635, 3, 133, '5 A little of the time'),
(636, 3, 133, '6 None of the time'),
(637, 3, 134, '1 All of the time'),
(638, 3, 134, '2 Most of the time'),
(639, 3, 134, '3 A good bit of the time'),
(640, 3, 134, '4 Some of the time'),
(641, 3, 134, '5 A little of the time'),
(642, 3, 134, '6 None of the time'),
(643, 3, 135, '1 All of the time'),
(644, 3, 135, '2 Most of the time'),
(645, 3, 135, '3 A good bit of the time'),
(646, 3, 135, '4 Some of the time'),
(647, 3, 135, '5 A little of the time'),
(648, 3, 135, '6 None of the time'),
(649, 1, 136, 'Parent Support Group'),
(650, 1, 136, 'One-on-one Parenting Coach'),
(651, 1, 136, 'Parenting Coach Group'),
(652, 1, 138, 'Male'),
(653, 1, 138, 'Female'),
(654, 1, 138, 'Transgender (Male to Female)'),
(655, 1, 138, 'Transgender (Female to Male)'),
(656, 1, 139, 'American Indian/Alaskan'),
(657, 1, 139, 'Asian'),
(658, 1, 139, 'Black/African American'),
(659, 1, 139, 'Hispanic'),
(660, 1, 139, 'Native Hawaiian'),
(661, 1, 139, 'White/Caucasian'),
(662, 1, 139, 'Multiracial'),
(663, 1, 139, 'Some other group'),
(664, 1, 139, 'Do not wish to provide information'),
(665, 1, 141, 'Some high school'),
(666, 1, 141, 'High school diploma or GED'),
(667, 1, 141, 'Some college'),
(668, 1, 141, 'Associate Degree'),
(669, 1, 141, 'Bachelor''s Degree'),
(670, 1, 141, 'Master''s Degree'),
(671, 1, 142, 'Excellent'),
(672, 1, 142, 'Very Good'),
(673, 1, 142, 'Good'),
(674, 1, 142, 'Fair'),
(675, 1, 142, 'Poor'),
(676, 1, 143, 'Father'),
(677, 1, 143, 'Mother'),
(678, 1, 143, 'Stepmother'),
(679, 1, 143, 'Stepfather'),
(680, 1, 143, 'Brother'),
(681, 1, 143, 'Sister'),
(682, 1, 143, 'Aunt'),
(683, 1, 143, 'Uncle'),
(684, 1, 143, 'Grandmother'),
(685, 1, 143, 'Grandfather'),
(686, 1, 143, 'Friend'),
(687, 1, 143, 'Other'),
(688, 1, 144, 'None of the time'),
(689, 1, 144, 'Some of the time'),
(690, 1, 144, 'Half of the time'),
(691, 1, 144, 'Most of the time'),
(692, 1, 144, 'All of the time'),
(693, 1, 145, '1'),
(694, 1, 145, '2'),
(695, 1, 145, '3'),
(696, 1, 145, '4'),
(697, 1, 145, '5'),
(698, 1, 145, '6'),
(699, 1, 145, '7'),
(700, 1, 145, '8'),
(701, 1, 145, '9'),
(702, 1, 145, '10+'),
(703, 1, 146, '1'),
(704, 1, 146, '2'),
(705, 1, 146, '3'),
(706, 1, 146, '4'),
(707, 1, 146, '5'),
(708, 1, 146, '6'),
(709, 1, 146, '7'),
(710, 1, 146, '8'),
(711, 1, 146, '9'),
(712, 1, 146, '10'),
(713, 1, 147, '1'),
(714, 1, 147, '2'),
(715, 1, 147, '3'),
(716, 1, 147, '4'),
(717, 1, 147, '5'),
(718, 1, 147, '6'),
(719, 1, 147, '7'),
(720, 1, 147, '8'),
(721, 1, 147, '9'),
(722, 1, 147, '10'),
(723, 1, 148, '1'),
(724, 1, 148, '2'),
(725, 1, 148, '3'),
(726, 1, 148, '4'),
(727, 1, 148, '5'),
(728, 1, 148, '6'),
(729, 1, 148, '7'),
(730, 1, 148, '8'),
(731, 1, 148, '9'),
(732, 1, 148, '10'),
(733, 1, 149, '1'),
(734, 1, 149, '2'),
(735, 1, 149, '3'),
(736, 1, 149, '4'),
(737, 1, 149, '5'),
(738, 1, 149, '6'),
(739, 1, 149, '7'),
(740, 1, 149, '8'),
(741, 1, 149, '9'),
(742, 1, 149, '10'),
(743, 1, 150, '1'),
(744, 1, 150, '2'),
(745, 1, 150, '3'),
(746, 1, 150, '4'),
(747, 1, 150, '5'),
(748, 1, 150, '6'),
(749, 1, 150, '7'),
(750, 1, 150, '8'),
(751, 1, 150, '9'),
(752, 1, 150, '10'),
(753, 1, 151, 'Yes'),
(754, 1, 151, 'No'),
(755, 1, 152, 'Yes'),
(756, 1, 152, 'No'),
(757, 1, 153, 'Yes'),
(758, 1, 153, 'No'),
(759, 1, 154, 'ARMS Parent Group (Monday Night)'),
(760, 1, 154, 'ARMS Parent Group (Wednesday Night)'),
(761, 1, 154, 'ARMS Parent Coaching'),
(762, 1, 154, 'Al-Anon'),
(763, 1, 154, 'Nar-Anon'),
(764, 1, 154, 'Learn to Cope'),
(765, 1, 154, 'Families Anonymous'),
(766, 1, 155, '0'),
(767, 1, 155, '1'),
(768, 1, 155, '2'),
(769, 1, 155, '3'),
(770, 1, 155, '4'),
(771, 1, 155, '5'),
(772, 1, 156, '0'),
(773, 1, 156, '1'),
(774, 1, 156, '2'),
(775, 1, 156, '3'),
(776, 1, 156, '4'),
(777, 1, 156, '5'),
(778, 1, 157, '0'),
(779, 1, 157, '1'),
(780, 1, 157, '2'),
(781, 1, 157, '3'),
(782, 1, 157, '4'),
(783, 1, 157, '5'),
(784, 1, 157, '6'),
(785, 1, 157, '7'),
(786, 1, 157, '8'),
(787, 1, 157, '9'),
(788, 1, 157, '10'),
(789, 1, 157, '11'),
(790, 1, 157, '12'),
(791, 1, 157, '13'),
(792, 1, 157, '14'),
(793, 1, 157, '15'),
(794, 1, 157, '16'),
(795, 1, 157, '17'),
(796, 1, 157, '18'),
(797, 1, 157, '19'),
(798, 1, 157, '20'),
(799, 1, 157, '21'),
(800, 1, 157, '22'),
(801, 1, 157, '23'),
(802, 1, 157, '24'),
(803, 1, 157, '25'),
(804, 1, 157, '26'),
(805, 1, 157, '27'),
(806, 1, 157, '28'),
(807, 1, 157, '29'),
(808, 1, 157, '30'),
(809, 1, 158, '0'),
(810, 1, 158, '1'),
(811, 1, 158, '2'),
(812, 1, 158, '3'),
(813, 1, 158, '4'),
(814, 1, 158, '5'),
(815, 1, 158, '6'),
(816, 1, 158, '7'),
(817, 1, 158, '8'),
(818, 1, 158, '9'),
(819, 1, 158, '10'),
(820, 1, 158, '11'),
(821, 1, 158, '12'),
(822, 1, 158, '13'),
(823, 1, 158, '14'),
(824, 1, 158, '15'),
(825, 1, 158, '16'),
(826, 1, 158, '17'),
(827, 1, 158, '18'),
(828, 1, 158, '19'),
(829, 1, 158, '20'),
(830, 1, 158, '21'),
(831, 1, 158, '22'),
(832, 1, 158, '23'),
(833, 1, 158, '24'),
(834, 1, 158, '25'),
(835, 1, 158, '26'),
(836, 1, 158, '27'),
(837, 1, 158, '28'),
(838, 1, 158, '29'),
(839, 1, 158, '30'),
(840, 1, 159, '0'),
(841, 1, 159, '1'),
(842, 1, 159, '2'),
(843, 1, 159, '3'),
(844, 1, 159, '4'),
(845, 1, 159, '5'),
(846, 1, 159, '6'),
(847, 1, 159, '7'),
(848, 1, 159, '8'),
(849, 1, 159, '9'),
(850, 1, 159, '10'),
(851, 1, 159, '11'),
(852, 1, 159, '12'),
(853, 1, 159, '13'),
(854, 1, 159, '14'),
(855, 1, 159, '15'),
(856, 1, 159, '16'),
(857, 1, 159, '17'),
(858, 1, 159, '18'),
(859, 1, 159, '19'),
(860, 1, 159, '20'),
(861, 1, 159, '21'),
(862, 1, 159, '22'),
(863, 1, 159, '23'),
(864, 1, 159, '24'),
(865, 1, 159, '25'),
(866, 1, 159, '26'),
(867, 1, 159, '27'),
(868, 1, 159, '28'),
(869, 1, 159, '29'),
(870, 1, 159, '30'),
(871, 1, 160, '0'),
(872, 1, 160, '1'),
(873, 1, 160, '2'),
(874, 1, 160, '3'),
(875, 1, 160, '4'),
(876, 1, 160, '5'),
(877, 1, 160, '6'),
(878, 1, 160, '7'),
(879, 1, 160, '8'),
(880, 1, 160, '9'),
(881, 1, 160, '10'),
(882, 1, 160, '11'),
(883, 1, 160, '12'),
(884, 1, 160, '13'),
(885, 1, 160, '14'),
(886, 1, 160, '15'),
(887, 1, 160, '16'),
(888, 1, 160, '17'),
(889, 1, 160, '18'),
(890, 1, 160, '19'),
(891, 1, 160, '20'),
(892, 1, 160, '21'),
(893, 1, 160, '22'),
(894, 1, 160, '23'),
(895, 1, 160, '24'),
(896, 1, 160, '25'),
(897, 1, 160, '26'),
(898, 1, 160, '27'),
(899, 1, 160, '28'),
(900, 1, 160, '29'),
(901, 1, 160, '30'),
(902, 1, 161, '0'),
(903, 1, 161, '1'),
(904, 1, 161, '2'),
(905, 1, 161, '3'),
(906, 1, 161, '4'),
(907, 1, 161, '5'),
(908, 1, 161, '6'),
(909, 1, 161, '7'),
(910, 1, 161, '8'),
(911, 1, 161, '9'),
(912, 1, 161, '10'),
(913, 1, 161, '11'),
(914, 1, 161, '12'),
(915, 1, 161, '13'),
(916, 1, 161, '14'),
(917, 1, 161, '15'),
(918, 1, 161, '16'),
(919, 1, 161, '17'),
(920, 1, 161, '18'),
(921, 1, 161, '19'),
(922, 1, 161, '20'),
(923, 1, 161, '21'),
(924, 1, 161, '22'),
(925, 1, 161, '23'),
(926, 1, 161, '24'),
(927, 1, 161, '25'),
(928, 1, 161, '26'),
(929, 1, 161, '27'),
(930, 1, 161, '28'),
(931, 1, 161, '29'),
(932, 1, 161, '30'),
(933, 1, 162, '0 (Never)'),
(934, 1, 162, '1 (Almost never)'),
(935, 1, 162, '2 (Sometimes)'),
(936, 1, 162, '3 (Fairly often)'),
(937, 1, 162, '4 (Very often)'),
(938, 1, 163, '0 (Never)'),
(939, 1, 163, '1 (Almost never)'),
(940, 1, 163, '2 (Sometimes)'),
(941, 1, 163, '3 (Fairly often)'),
(942, 1, 163, '4 (Very often)'),
(943, 1, 164, '0 (Never)'),
(944, 1, 164, '1 (Almost never)'),
(945, 1, 164, '2 (Sometimes)'),
(946, 1, 164, '3 (Fairly often)'),
(947, 1, 164, '4 (Very often)'),
(948, 1, 165, '0 (Never)'),
(949, 1, 165, '1 (Almost never)'),
(950, 1, 165, '2 (Sometimes)'),
(951, 1, 165, '3 (Fairly often)'),
(952, 1, 165, '4 (Very often)'),
(953, 1, 166, '0 (Never)'),
(954, 1, 166, '1 (Almost never)'),
(955, 1, 166, '2 (Sometimes)'),
(956, 1, 166, '3 (Fairly often)'),
(957, 1, 166, '4 (Very often)'),
(958, 1, 167, '0 (Never)'),
(959, 1, 167, '1 (Almost never)'),
(960, 1, 167, '2 (Sometimes)'),
(961, 1, 167, '3 (Fairly often)'),
(962, 1, 167, '4 (Very often)'),
(963, 1, 168, '0 (Never)'),
(964, 1, 168, '1 (Almost never)'),
(965, 1, 168, '2 (Sometimes)'),
(966, 1, 168, '3 (Fairly often)'),
(967, 1, 168, '4 (Very often)'),
(968, 1, 169, '0 (Never)'),
(969, 1, 169, '1 (Almost never)'),
(970, 1, 169, '2 (Sometimes)'),
(971, 1, 169, '3 (Fairly often)'),
(972, 1, 169, '4 (Very often)'),
(973, 1, 170, '0 (Never)'),
(974, 1, 170, '1 (Almost never)'),
(975, 1, 170, '2 (Sometimes)'),
(976, 1, 170, '3 (Fairly often)'),
(977, 1, 170, '4 (Very often)'),
(978, 1, 171, '0 (Never)'),
(979, 1, 171, '1 (Almost never)'),
(980, 1, 171, '2 (Sometimes)'),
(981, 1, 171, '3 (Fairly often)'),
(982, 1, 171, '4 (Very often)'),
(983, 1, 172, '1 (All of the time)'),
(984, 1, 172, '2 (Most of the time)'),
(985, 1, 172, '3 (A good bit of the time)'),
(986, 1, 172, '4 (Some of the time)'),
(987, 1, 172, '5 (A little of the time)'),
(988, 1, 172, '6 (None of the time)'),
(989, 1, 173, '1 (All of the time)'),
(990, 1, 173, '2 (Most of the time)'),
(991, 1, 173, '3 (A good bit of the time)'),
(992, 1, 173, '4 (Some of the time)'),
(993, 1, 173, '5 (A little of the time)'),
(994, 1, 173, '6 (None of the time)'),
(995, 1, 174, '1 (All of the time)'),
(996, 1, 174, '2 (Most of the time)'),
(997, 1, 174, '3 (A good bit of the time)'),
(998, 1, 174, '4 (Some of the time)'),
(999, 1, 174, '5 (A little of the time)'),
(1000, 1, 174, '6 (None of the time)'),
(1001, 1, 175, '1 (All of the time)'),
(1002, 1, 175, '2 (Most of the time)'),
(1003, 1, 175, '3 (A good bit of the time)'),
(1004, 1, 175, '4 (Some of the time)'),
(1005, 1, 175, '5 (A little of the time)'),
(1006, 1, 175, '6 (None of the time)'),
(1008, 9, 184, '2'),
(1009, 9, 184, '3'),
(1010, 9, 184, '4'),
(1011, 9, 184, '5'),
(1012, 9, 184, '6'),
(1013, 9, 184, '7'),
(1014, 9, 184, '8'),
(1015, 9, 184, '9'),
(1016, 9, 184, '10'),
(1017, 9, 185, '1'),
(1018, 9, 185, '2'),
(1019, 9, 185, '3'),
(1020, 9, 185, '4'),
(1021, 9, 185, '5'),
(1022, 9, 185, '6'),
(1023, 9, 185, '7'),
(1024, 9, 185, '8'),
(1025, 9, 185, '9'),
(1026, 9, 185, '10'),
(1027, 9, 186, '1'),
(1028, 9, 186, '2'),
(1029, 9, 186, '3'),
(1030, 9, 186, '4'),
(1031, 9, 186, '5'),
(1032, 9, 186, '6'),
(1033, 9, 186, '7'),
(1034, 9, 186, '8'),
(1035, 9, 186, '9'),
(1036, 9, 186, '10'),
(1037, 9, 187, '1'),
(1038, 9, 187, '2'),
(1039, 9, 187, '3'),
(1040, 9, 187, '4'),
(1041, 9, 187, '5'),
(1042, 9, 187, '6'),
(1043, 9, 187, '7'),
(1044, 9, 187, '8'),
(1045, 9, 187, '9'),
(1046, 9, 187, '10'),
(1047, 9, 188, '1'),
(1048, 9, 188, '2'),
(1049, 9, 188, '3'),
(1050, 9, 188, '4'),
(1051, 9, 188, '5'),
(1052, 9, 188, '6'),
(1053, 9, 188, '7'),
(1054, 9, 188, '8'),
(1055, 9, 188, '9'),
(1056, 9, 188, '10'),
(1057, 9, 189, 'Yes'),
(1058, 9, 189, 'No'),
(1059, 9, 190, 'Yes'),
(1060, 9, 190, 'No'),
(1061, 9, 191, 'Yes'),
(1062, 9, 191, 'No'),
(1063, 9, 192, 'ARMS Parent Group Monday Night'),
(1064, 9, 192, 'ARMS Parent Group Wednesday Night'),
(1065, 9, 192, 'ARMS Parent Coaching'),
(1066, 9, 192, 'Al-Anon'),
(1067, 9, 192, 'Nar-Anon'),
(1068, 9, 192, 'Learn to Cope'),
(1069, 9, 192, 'Families Anonymous'),
(1070, 9, 193, '0'),
(1071, 9, 193, '1'),
(1072, 9, 194, '0'),
(1073, 9, 194, '1'),
(1074, 9, 195, '0'),
(1075, 9, 195, '1'),
(1076, 9, 195, '2'),
(1077, 9, 195, '3'),
(1078, 9, 195, '4'),
(1079, 9, 195, '5'),
(1080, 9, 195, '6'),
(1081, 9, 195, '7'),
(1082, 9, 196, '0'),
(1083, 9, 196, '1'),
(1084, 9, 196, '2'),
(1085, 9, 196, '3'),
(1086, 9, 196, '4'),
(1087, 9, 196, '5'),
(1088, 9, 196, '6'),
(1089, 9, 196, '7'),
(1090, 9, 197, '0'),
(1091, 9, 197, '1'),
(1092, 9, 197, '2'),
(1093, 9, 197, '3'),
(1094, 9, 197, '4'),
(1095, 9, 197, '5'),
(1096, 9, 197, '6'),
(1097, 9, 197, '7'),
(1098, 9, 198, '0'),
(1099, 9, 198, '1'),
(1100, 9, 198, '2'),
(1101, 9, 198, '3'),
(1102, 9, 198, '4'),
(1103, 9, 198, '5'),
(1104, 9, 198, '6'),
(1105, 9, 198, '7'),
(1106, 9, 199, '0'),
(1107, 9, 199, '1'),
(1108, 9, 199, '2'),
(1109, 9, 199, '3'),
(1110, 9, 199, '4'),
(1111, 9, 199, '5'),
(1112, 9, 199, '6'),
(1113, 9, 199, '7'),
(1114, 9, 200, '0 Never'),
(1115, 9, 200, '1 Almost never'),
(1116, 9, 200, '2 Sometimes'),
(1117, 9, 200, '3 Fairly Often'),
(1118, 9, 200, '4 Very Often'),
(1119, 9, 201, '0 Never'),
(1120, 9, 201, '1 Almost never'),
(1121, 9, 201, '2 Sometimes'),
(1122, 9, 201, '3 Fairly Often'),
(1123, 9, 201, '4 Very Often'),
(1124, 9, 202, '0 Never'),
(1125, 9, 202, '1 Almost never'),
(1126, 9, 202, '2 Sometimes'),
(1127, 9, 202, '3 Fairly Often'),
(1128, 9, 202, '4 Very Often'),
(1129, 9, 203, '0 Never'),
(1130, 9, 203, '1 Almost never'),
(1131, 9, 203, '2 Sometimes'),
(1132, 9, 203, '3 Fairly Often'),
(1133, 9, 203, '4 Very Often'),
(1134, 9, 204, '0 Never'),
(1135, 9, 204, '1 Almost never'),
(1136, 9, 204, '2 Sometimes'),
(1137, 9, 204, '3 Fairly Often'),
(1138, 9, 204, '4 Very Often'),
(1139, 9, 205, '0 Never'),
(1140, 9, 205, '1 Almost never'),
(1141, 9, 205, '2 Sometimes'),
(1142, 9, 205, '3 Fairly Often'),
(1143, 9, 205, '4 Very Often'),
(1144, 9, 206, '0 Never'),
(1145, 9, 206, '1 Almost never'),
(1146, 9, 206, '2 Sometimes'),
(1147, 9, 206, '3 Fairly Often'),
(1148, 9, 206, '4 Very Often'),
(1149, 9, 207, '0 Never'),
(1150, 9, 207, '1 Almost never'),
(1151, 9, 207, '2 Sometimes'),
(1152, 9, 207, '3 Fairly Often'),
(1153, 9, 207, '4 Very Often'),
(1154, 9, 208, '0 Never'),
(1155, 9, 208, '1 Almost never'),
(1156, 9, 208, '2 Sometimes'),
(1157, 9, 208, '3 Fairly Often'),
(1158, 9, 208, '4 Very Often'),
(1159, 9, 209, '0 Never'),
(1160, 9, 209, '1 Almost never'),
(1161, 9, 209, '2 Sometimes'),
(1162, 9, 209, '3 Fairly Often'),
(1163, 9, 209, '4 Very Often'),
(1164, 9, 210, '1 All of the time'),
(1165, 9, 210, '2 Most of the time'),
(1166, 9, 210, '3 A good bit of the time'),
(1167, 9, 210, '4 Some of the time'),
(1168, 9, 210, '5 A little of the time'),
(1169, 9, 210, '6 None of the time'),
(1170, 9, 211, '1 All of the time'),
(1171, 9, 211, '2 Most of the time'),
(1172, 9, 211, '3 A good bit of the time'),
(1173, 9, 211, '4 Some of the time'),
(1174, 9, 211, '5 A little of the time'),
(1175, 9, 211, '6 None of the time'),
(1176, 9, 212, '1 All of the time'),
(1177, 9, 212, '2 Most of the time'),
(1178, 9, 212, '3 A good bit of the time'),
(1179, 9, 212, '4 Some of the time'),
(1180, 9, 212, '5 A little of the time'),
(1181, 9, 212, '6 None of the time'),
(1182, 9, 213, '1 All of the time'),
(1183, 9, 213, '2 Most of the time'),
(1184, 9, 213, '3 A good bit of the time'),
(1185, 9, 213, '4 Some of the time'),
(1186, 9, 213, '5 A little of the time'),
(1187, 9, 213, '6 None of the time'),
(1504, 3, 266, '3 Fairly Often'),
(1503, 3, 266, '2 Sometimes'),
(1502, 3, 266, '1 Almost Never'),
(1501, 3, 266, '0 Never'),
(1500, 3, 265, '4 Very Often'),
(1499, 3, 265, '3 Fairly Often'),
(1498, 3, 265, '2 Sometimes'),
(1497, 3, 265, '1 Almost Never'),
(1496, 3, 265, '0 Never'),
(1495, 3, 264, '4 Very Often'),
(1494, 3, 264, '3 Fairly Often'),
(1493, 3, 264, '2 Sometimes'),
(1492, 3, 264, '1 Almost Never'),
(1491, 3, 264, '0 Never'),
(1490, 3, 263, '4 Very Often'),
(1489, 3, 263, '3 Fairly Often'),
(1488, 3, 263, '2 Sometimes'),
(1487, 3, 263, '1 Almost Never'),
(1486, 3, 263, '0 Never'),
(1485, 3, 262, '4 Very Often'),
(1484, 3, 262, '3 Fairly Often'),
(1483, 3, 262, '2 Sometimes'),
(1482, 3, 262, '1 Almost Never'),
(1481, 3, 262, '0 Never'),
(1480, 3, 261, '4 Very Often'),
(1479, 3, 261, '3 Fairly Often'),
(1478, 3, 261, '2 Sometimes'),
(1477, 3, 261, '1 Almost Never'),
(1476, 3, 261, '0 Never'),
(1557, 3, 275, '7'),
(1556, 3, 275, '6'),
(1555, 3, 275, '5'),
(1554, 3, 275, '4'),
(1553, 3, 275, '3'),
(1552, 3, 275, '2'),
(1551, 3, 275, '1'),
(1550, 3, 275, '0'),
(1699, 2, 296, 'Major Depressive Disorder'),
(1698, 2, 296, 'Cyclothymic Disorder'),
(1697, 2, 296, 'Bipolar Disorder (Not Otherwise Specified)'),
(1696, 2, 296, 'Bipolar II Disorder'),
(1507, 3, 267, '1 Almost Never'),
(1506, 3, 267, '0 Never'),
(1505, 3, 266, '4 Very Often'),
(1695, 2, 296, 'Bipolar I Disorder'),
(1578, 3, 278, '4'),
(1577, 3, 278, '3'),
(1576, 3, 278, '2'),
(1575, 3, 278, '1'),
(1574, 3, 278, '0'),
(1694, 2, 296, 'None'),
(1443, 3, 256, '7'),
(1442, 3, 256, '6'),
(1441, 3, 256, '5'),
(1440, 3, 256, '4'),
(1439, 3, 256, '3'),
(1438, 3, 256, '2'),
(1437, 3, 256, '1'),
(1436, 3, 256, '0'),
(1435, 3, 255, '1'),
(1434, 3, 255, '0'),
(1433, 3, 254, '1'),
(1432, 3, 254, '0'),
(1431, 3, 253, 'Families Anonymous'),
(1430, 3, 253, 'Learn to Cope'),
(1429, 3, 253, 'Nar-Anon'),
(1428, 3, 253, 'Al-Anon'),
(1427, 3, 253, 'ARMS Parent Coaching'),
(1426, 3, 253, 'ARMS Parent Group - Wednesday Night'),
(1425, 3, 253, 'ARMS Parent Group - Monday Night'),
(1424, 3, 252, 'No'),
(1423, 3, 252, 'Yes'),
(1422, 3, 251, 'No'),
(1421, 3, 251, 'Yes'),
(1420, 3, 250, 'No'),
(1419, 3, 250, 'Yes'),
(1418, 3, 249, '10'),
(1417, 3, 249, '9'),
(1416, 3, 249, '8'),
(1415, 3, 249, '7'),
(1414, 3, 249, '6'),
(1413, 3, 249, '5'),
(1412, 3, 249, '4'),
(1411, 3, 249, '3'),
(1410, 3, 249, '2'),
(1409, 3, 249, '1'),
(1408, 3, 248, '10'),
(1407, 3, 248, '9'),
(1406, 3, 248, '8'),
(1405, 3, 248, '7'),
(1404, 3, 248, '6'),
(1403, 3, 248, '5'),
(1402, 3, 248, '4'),
(1401, 3, 248, '3'),
(1400, 3, 248, '2'),
(1399, 3, 248, '1'),
(1398, 3, 247, '10'),
(1397, 3, 247, '9'),
(1396, 3, 247, '8'),
(1395, 3, 247, '7'),
(1394, 3, 247, '6'),
(1393, 3, 247, '5'),
(1392, 3, 247, '4'),
(1391, 3, 247, '3'),
(1390, 3, 247, '2'),
(1389, 3, 247, '1'),
(1388, 3, 246, '10'),
(1387, 3, 246, '9'),
(1386, 3, 246, '8'),
(1385, 3, 246, '7'),
(1384, 3, 246, '6'),
(1383, 3, 246, '5'),
(1382, 3, 246, '4'),
(1381, 3, 246, '3'),
(1380, 3, 246, '2'),
(1379, 3, 246, '1'),
(1378, 3, 245, '10'),
(1377, 3, 245, '9'),
(1376, 3, 245, '8'),
(1375, 3, 245, '7'),
(1374, 3, 245, '6'),
(1373, 3, 245, '5'),
(1372, 3, 245, '4'),
(1371, 3, 245, '3'),
(1370, 3, 245, '2'),
(1369, 3, 245, '1'),
(1508, 3, 267, '2 Sometimes'),
(1509, 3, 267, '3 Fairly Often'),
(1510, 3, 267, '4 Very Often'),
(1511, 3, 268, '0 Never'),
(1512, 3, 268, '1 Almost Never'),
(1513, 3, 268, '2 Sometimes'),
(1514, 3, 268, '3 Fairly Often'),
(1515, 3, 268, '4 Very Often'),
(1516, 3, 269, '0 Never'),
(1517, 3, 269, '1 Almost Never'),
(1518, 3, 269, '2 Sometimes'),
(1519, 3, 269, '3 Fairly Often'),
(1520, 3, 269, '4 Very Often'),
(1521, 3, 270, '0 Never'),
(1522, 3, 270, '1 Almost Never'),
(1523, 3, 270, '2 Sometimes'),
(1524, 3, 270, '3 Fairly Often'),
(1525, 3, 270, '4 Very Often'),
(1526, 3, 271, '1 All of the time'),
(1527, 3, 271, '2 Most of the time'),
(1528, 3, 271, '3 A good bit of the time'),
(1529, 3, 271, '4 Some of the time'),
(1530, 3, 271, '5 A little of the time'),
(1531, 3, 271, '6 None of the time'),
(1532, 3, 272, '1 All of the time'),
(1533, 3, 272, '2 Most of the time'),
(1534, 3, 272, '3 A good bit of the time'),
(1535, 3, 272, '4 Some of the time'),
(1536, 3, 272, '5 A little of the time'),
(1537, 3, 272, '6 None of the time'),
(1538, 3, 273, '1 All of the time'),
(1539, 3, 273, '2 Most of the time'),
(1540, 3, 273, '3 A good bit of the time'),
(1541, 3, 273, '4 Some of the time'),
(1542, 3, 273, '5 A little of the time'),
(1543, 3, 273, '6 None of the time'),
(1544, 3, 274, '1 All of the time'),
(1545, 3, 274, '2 Most of the time'),
(1546, 3, 274, '3 A good bit of the time'),
(1547, 3, 274, '4 Some of the time'),
(1548, 3, 274, '5 A little of the time'),
(1549, 3, 274, '6 None of the time'),
(1579, 3, 278, '5'),
(1580, 3, 278, '6'),
(1581, 3, 278, '7'),
(1631, 4, 95, '0'),
(1630, 4, 94, '7'),
(1629, 4, 94, '6'),
(1628, 4, 94, '5'),
(1627, 4, 94, '4'),
(1626, 4, 94, '3'),
(1625, 4, 94, '2'),
(1624, 4, 94, '1'),
(1623, 4, 94, '0'),
(1591, 4, 92, '0'),
(1592, 4, 92, '1'),
(1593, 4, 92, '2'),
(1594, 4, 92, '3'),
(1595, 4, 92, '4'),
(1596, 4, 92, '5'),
(1597, 4, 92, '6'),
(1598, 4, 92, '7'),
(1622, 4, 93, '7'),
(1621, 4, 93, '6'),
(1620, 4, 93, '5'),
(1619, 4, 93, '4'),
(1618, 4, 93, '3'),
(1617, 4, 93, '2'),
(1616, 4, 93, '1'),
(1615, 4, 93, '0'),
(1607, 4, 295, '0'),
(1608, 4, 295, '1'),
(1609, 4, 295, '2'),
(1610, 4, 295, '3'),
(1611, 4, 295, '4'),
(1612, 4, 295, '5'),
(1613, 4, 295, '6'),
(1614, 4, 295, '7'),
(1632, 4, 95, '1'),
(1633, 4, 95, '2'),
(1634, 4, 95, '3'),
(1635, 4, 95, '4'),
(1636, 4, 95, '5'),
(1637, 4, 95, '6'),
(1638, 4, 95, '7'),
(1639, 4, 96, '0'),
(1640, 4, 96, '1'),
(1641, 4, 96, '2'),
(1642, 4, 96, '3'),
(1643, 4, 96, '4'),
(1644, 4, 96, '5'),
(1645, 4, 96, '6'),
(1646, 4, 96, '7'),
(1647, 4, 97, '0'),
(1648, 4, 97, '1'),
(1649, 4, 97, '2'),
(1650, 4, 97, '3'),
(1651, 4, 97, '4'),
(1652, 4, 97, '5'),
(1653, 4, 97, '6'),
(1654, 4, 97, '7'),
(1655, 4, 98, '0'),
(1656, 4, 98, '1'),
(1657, 4, 98, '2'),
(1658, 4, 98, '3'),
(1659, 4, 98, '4'),
(1660, 4, 98, '5'),
(1661, 4, 98, '6'),
(1662, 4, 98, '7'),
(1665, 4, 101, '10'),
(1666, 4, 102, '10'),
(1667, 4, 103, '10'),
(1668, 4, 104, '10'),
(1701, 2, 296, 'Dysmythic Disorder'),
(1700, 2, 296, 'Depressive Disorder (Not Otherwise Specified)'),
(1677, 3, 276, '0'),
(1678, 3, 276, '1'),
(1679, 3, 276, '2'),
(1680, 3, 276, '3'),
(1681, 3, 276, '4'),
(1682, 3, 276, '5'),
(1683, 3, 276, '6'),
(1684, 3, 276, '7'),
(1685, 3, 277, '0'),
(1686, 3, 277, '1'),
(1687, 3, 277, '2'),
(1688, 3, 277, '3'),
(1689, 3, 277, '4'),
(1690, 3, 277, '5'),
(1691, 3, 277, '6'),
(1692, 3, 277, '7'),
(1702, 2, 296, 'Mood Disorder Due to a General Medical Condition'),
(1703, 2, 296, 'Mood Disorder (Not Otherwise Specified)'),
(1704, 2, 296, 'Schizoaffective Disorder'),
(1705, 2, 296, 'Schizophrenia'),
(1706, 2, 296, 'Bulimia'),
(1707, 2, 296, 'Anorexia'),
(1708, 2, 296, 'PTSD'),
(1709, 2, 296, 'Agoraphobia'),
(1710, 2, 296, 'Panic Disorder'),
(1711, 2, 296, 'Generalized Anxiety Disorder'),
(1712, 2, 296, 'OCD'),
(1713, 2, 296, 'Social Anxiety Disorder'),
(1714, 2, 296, 'Specific Phobia'),
(1715, 2, 296, 'Other mental health diagnosis'),
(1724, 1, 155, '2'),
(1723, 1, 155, '1'),
(1722, 1, 155, '0'),
(1738, 100, 298, 'red'),
(1737, 100, 297, 'three'),
(1736, 100, 297, 'two'),
(1735, 100, 297, 'one'),
(1739, 100, 298, 'orange'),
(1740, 100, 298, 'yellow'),
(1741, 100, 298, 'green'),
(1742, 2, 300, 'Yes'),
(1743, 2, 300, 'No'),
(1744, 2, 302, 'Yes'),
(1745, 2, 302, 'No'),
(1746, 2, 303, 'Yes'),
(1747, 2, 303, 'No'),
(1748, 2, 305, 'Yes'),
(1749, 2, 305, 'No'),
(1750, 2, 307, 'Yes'),
(1751, 2, 307, 'No'),
(1752, 2, 309, 'Yes'),
(1753, 2, 309, 'No'),
(1754, 4, 310, 'Yes'),
(1755, 4, 310, 'No'),
(1756, 4, 312, 'Yes'),
(1757, 4, 312, 'No'),
(1758, 4, 313, 'Yes'),
(1759, 4, 313, 'No'),
(1760, 4, 315, 'Yes'),
(1761, 4, 315, 'No'),
(1762, 4, 317, 'Yes'),
(1763, 4, 317, 'No'),
(1764, 4, 319, 'Yes'),
(1765, 4, 319, 'No'),
(1778, 2, 39, '0'),
(1779, 2, 39, '1'),
(1780, 2, 39, '2'),
(1781, 2, 39, '3'),
(1782, 2, 39, '4'),
(1783, 2, 39, '5'),
(1784, 2, 39, '6'),
(1785, 2, 39, '7');

-- --------------------------------------------------------

--
-- Table structure for table `survey_junction`
--

CREATE TABLE `survey_junction` (
  `id` int(11) NOT NULL,
  `patient_id` int(11) NOT NULL,
  `event_id` int(11) NOT NULL,
  `survey_id` int(11) NOT NULL,
  `tablet_id` int(11) NOT NULL
) ENGINE=MyISAM DEFAULT CHARSET=utf8;

--
-- Dumping data for table `survey_junction`
--

INSERT INTO `survey_junction` (`id`, `patient_id`, `event_id`, `survey_id`, `tablet_id`) VALUES
(7, 4, 19, 5, 0);

-- --------------------------------------------------------

--
-- Table structure for table `survey_question`
--

CREATE TABLE `survey_question` (
  `id` bigint(20) UNSIGNED NOT NULL,
  `survey_id` bigint(20) UNSIGNED NOT NULL,
  `question_type` varchar(20) DEFAULT NULL,
  `question` text,
  `choices` longtext,
  `statistics` longtext,
  `stats` longtext,
  `attachment` text,
  `is_required` varchar(1) DEFAULT 'n',
  `order_by` int(11) NOT NULL DEFAULT '9999'
) ENGINE=MyISAM DEFAULT CHARSET=utf8;

--
-- Dumping data for table `survey_question`
--

INSERT INTO `survey_question` (`id`, `survey_id`, `question_type`, `question`, `choices`, `statistics`, `stats`, `attachment`, `is_required`, `order_by`) VALUES
(1, 2, 'mp', '<p>Gender</p>', NULL, NULL, 'a:4:{i:1;i:5;i:2;i:5;i:3;i:0;i:4;i:0;}', 'b:0;', 'y', 1),
(2, 2, 'dt', '<p>Date of birth</p>', NULL, NULL, NULL, 'b:0;', 'y', 2),
(3, 2, 'nd', '<p>Age</p>', NULL, NULL, 'a:4:{s:5:"total";d:64;s:1:"n";i:3;s:3:"max";d:32;s:3:"min";d:14;}', 'b:0;', 'y', 3),
(4, 2, 'ma', '<p>What is your ethnicity?</p>', NULL, NULL, 'a:9:{i:5;i:1;i:6;i:3;i:7;i:0;i:8;i:2;i:9;i:0;i:10;i:3;i:11;i:0;i:12;i:2;s:14:"_total_selects";i:10;}', 'b:0;', 'y', 4),
(5, 2, 'mp', '<p>Which of the following sexual orientations best describes you?</p>', NULL, NULL, 'a:6:{i:13;i:3;i:14;i:7;i:15;i:0;i:16;i:0;i:17;i:0;i:18;i:0;}', '', 'n', 5),
(6, 2, 'mp', '<p>What is your marital status?</p>', NULL, NULL, 'a:5:{i:19;i:9;i:20;i:1;i:21;i:0;i:22;i:0;i:23;i:0;}', '', 'n', 6),
(7, 2, 'mp', '<p>Have you used the same or another drug to stop or avoid from having any of these withdrawal symptoms?</p>', NULL, NULL, 'a:5:{i:24;i:5;i:25;i:5;i:26;i:0;i:27;i:0;i:28;i:0;}', 'b:0;', 'n', 20),
(8, 2, 'mp', '<p>What is your employment status?</p>', NULL, NULL, 'a:3:{i:29;i:5;i:30;i:1;i:31;i:4;}', '', 'n', 7),
(9, 2, 'mp', '<p>What is your current school enrollment status?</p>', NULL, NULL, 'a:6:{i:32;i:6;i:33;i:3;i:34;i:1;i:35;i:0;i:36;i:0;i:37;i:0;}', '', 'n', 8),
(10, 2, 'mp', '<p>What is your highest level of education?</p>', NULL, NULL, 'a:6:{i:38;i:5;i:39;i:1;i:40;i:0;i:41;i:0;i:42;i:4;i:43;i:0;}', '', 'n', 9),
(11, 2, 'mp', '<p>Do you consider yourself to be part of a religious group?</p>', NULL, NULL, 'a:18:{i:44;i:3;i:45;i:0;i:46;i:0;i:47;i:1;i:48;i:4;i:49;i:0;i:50;i:0;i:51;i:2;i:52;i:0;i:53;i:0;i:54;i:0;i:55;i:0;i:56;i:0;i:57;i:0;i:58;i:0;i:59;i:0;i:60;i:0;i:61;i:0;}', '', 'n', 10),
(12, 2, 'mp', '<p>Do you consider your spiritual beliefs to be very strong?</p>', NULL, NULL, 'a:2:{i:64;i:5;i:65;i:5;}', 'b:0;', 'n', 11),
(13, 2, 'mp', '<p>Do you consider your spiritual beliefs to often influence your decision?</p>', NULL, NULL, 'a:2:{i:62;i:5;i:63;i:5;}', 'b:0;', 'n', 12),
(14, 2, 'mp', '<p>What is the primary substance for which you are seeking treatment?</p>', NULL, NULL, 'a:9:{i:66;i:2;i:67;i:4;i:68;i:1;i:69;i:2;i:70;i:1;i:71;i:0;i:72;i:0;i:73;i:0;i:74;i:0;}', '', 'n', 13),
(15, 2, 'nd', '<p>During the past 90 days, on how many days have you gambled for money, drugs, sex or other things?</p>', NULL, NULL, 'a:4:{s:5:"total";d:188;s:1:"n";i:3;s:3:"max";d:85;s:3:"min";d:23;}', 'b:0;', 'n', 14),
(16, 2, 'ma', '<p>If so, which kinds of gambling activities?</p>', NULL, NULL, 'a:13:{i:75;i:1;i:76;i:2;i:77;i:1;i:78;i:1;i:79;i:0;i:80;i:1;i:81;i:1;i:82;i:1;i:83;i:1;i:84;i:0;i:85;i:0;i:86;i:0;s:14:"_total_selects";i:2;}', 'b:0;', 'n', 15),
(17, 2, 'mp', '<p>During the past 3 months, would you say that your health in general was...?</p>', NULL, NULL, 'a:12:{i:87;i:2;i:88;i:3;i:89;i:3;i:90;i:0;i:91;i:0;i:92;i:1;i:93;i:0;i:94;i:0;i:95;i:0;i:96;i:0;i:97;i:0;i:98;i:0;}', 'b:0;', 'n', 16),
(20, 2, 'nd', '<p>During the past 90 days, how many times were you treated in an emergency room?</p>', NULL, NULL, 'a:4:{s:5:"total";d:29;s:1:"n";i:3;s:3:"max";d:23;s:3:"min";d:3;}', 'b:0;', 'n', 18),
(19, 2, 'nd', '<p>During the past 90 days, on how many days were you bothered by any health or medical problems?</p>', NULL, NULL, 'a:4:{s:5:"total";d:133;s:1:"n";i:3;s:3:"max";d:80;s:3:"min";d:23;}', 'b:0;', 'n', 17),
(21, 2, 'ma', '<p>During the past week, did you have any of the following withdrawal symptoms or problems? Withdrawal symptoms are a group of physical or emotional symptoms that happen when a person who regularly uses alcohol or other drugs stps using them, tries to stop using them, or cuts down on their use during the past week. &nbsp;During the past week, did you:</p>', NULL, NULL, 'a:20:{i:111;i:0;i:112;i:3;i:113;i:4;i:114;i:2;i:115;i:2;i:116;i:2;i:117;i:2;i:118;i:0;i:119;i:0;i:120;i:0;i:121;i:0;i:122;i:2;i:123;i:1;i:124;i:1;i:125;i:0;i:126;i:1;i:127;i:2;i:128;i:0;i:129;i:1;s:14:"_total_selects";i:6;}', '', 'n', 19),
(22, 2, 'nd', '<p>During the past 90 days, on how many days did you use a needle to inject any kind of drug or medication?</p>', NULL, NULL, 'a:4:{s:5:"total";d:29;s:1:"n";i:3;s:3:"max";d:22;s:3:"min";d:3;}', 'b:0;', 'n', 21),
(23, 2, 'nd', '<p>During the past 90 days, on how many days did you share needles with other people?</p>', NULL, NULL, 'a:4:{s:5:"total";d:15;s:1:"n";i:3;s:3:"max";d:12;s:3:"min";d:0;}', 'b:0;', 'n', 22),
(24, 2, 'mp', '<p>If you inject drugs, how often do you use new needles?</p>', NULL, NULL, 'a:4:{i:130;i:6;i:131;i:2;i:132;i:2;i:133;i:0;}', '', 'n', 23),
(25, 2, 'mp', '<p>If you use needles, where do you get them?</p>', NULL, NULL, 'a:5:{i:134;i:6;i:135;i:3;i:136;i:1;i:137;i:0;i:138;i:0;}', '', 'n', 24),
(26, 2, 'mp', '<p>If you use needles, how do you dispose of them?</p>', NULL, NULL, 'a:6:{i:139;i:6;i:140;i:2;i:141;i:1;i:142;i:0;i:143;i:0;i:144;i:1;}', 'b:0;', 'n', 25),
(27, 2, 'nd', '<p>During the past 90 days, how many days did you go without using any alcohol, marijuana, or other drugs?</p>', NULL, NULL, 'a:4:{s:5:"total";d:169;s:1:"n";i:3;s:3:"max";d:90;s:3:"min";d:34;}', 'b:0;', 'n', 36),
(28, 2, 'nd', '<p>During the past 90 days, how many days did you get drunk at all or were you high for most of the day?</p>', NULL, NULL, 'a:4:{s:5:"total";d:141;s:1:"n";i:3;s:3:"max";d:90;s:3:"min";d:18;}', 'b:0;', 'n', 37),
(29, 2, 'nd', '<p>During the past 90 days, what was the most days you went in a row without using alcohol, marijuana, or other drugs?</p>', NULL, NULL, 'a:4:{s:5:"total";d:147;s:1:"n";i:3;s:3:"max";d:90;s:3:"min";d:12;}', 'b:0;', 'n', 38),
(30, 2, 'nd', '<p>During the past 90 days, how many days did alcohol or other drug use problems keep you from meeting your responsibilities at work, school, or home?</p>', NULL, NULL, 'a:4:{s:5:"total";d:106;s:1:"n";i:2;s:3:"max";d:90;s:3:"min";d:16;}', 'b:0;', 'n', 39),
(31, 2, 'nd', '<p>During the past 90 days, on how many days have you attended one or more self-help group meetings (such as AA, NA, CA or SMART Recovery) for your alcohol or drug use?</p>', NULL, NULL, 'a:4:{s:5:"total";d:112;s:1:"n";i:2;s:3:"max";d:90;s:3:"min";d:22;}', 'b:0;', 'n', 40),
(32, 2, 'nd', '<p>During the past 90 days, on how many days did you take prescription drugs that were prescribed to you such as Buprenorphine (ie., Suboxone, Subutex), Disulfiram (i.e., Antabuse), Naltrexone (i.e., Revia) Topiramate (Topomax) or Methadone to help with drug/alcholol withdrawal symptoms or cravings?</p>', NULL, NULL, 'a:4:{s:5:"total";d:98;s:1:"n";i:2;s:3:"max";d:90;s:3:"min";d:8;}', 'b:0;', 'n', 41),
(33, 2, 'nd', '<p>During the past 90 days, on how many days were you bothered by any nerve, mental, or psychological problems?</p>', NULL, NULL, 'a:4:{s:5:"total";d:109;s:1:"n";i:2;s:3:"max";d:90;s:3:"min";d:19;}', 'b:0;', 'n', 42),
(34, 2, 'nd', '<p>During the past 90 days, on how many days did these problems keep you from meeting your responsibilities at work, school, or home, and make you feel like you could not go on?</p>', NULL, NULL, 'a:4:{s:5:"total";d:98;s:1:"n";i:2;s:3:"max";d:90;s:3:"min";d:8;}', 'b:0;', 'n', 43),
(35, 2, 'nd', '<p>During the past 90 days, on how many days have you had any problems paying attention, controlling your behavior or broke rules that you were supposed to follow?</p>', NULL, NULL, 'a:4:{s:5:"total";d:95;s:1:"n";i:2;s:3:"max";d:90;s:3:"min";d:5;}', 'b:0;', 'n', 44),
(36, 2, 'nd', '<p>During the past 90 days, how many ties have you had to go to the emergency room (for mental, emotional, behavioral, or psychological problems)?</p>', NULL, NULL, 'a:4:{s:5:"total";d:92;s:1:"n";i:2;s:3:"max";d:90;s:3:"min";d:2;}', 'b:0;', 'n', 45),
(37, 2, 'nd', '<p>During the past 90 days, how many nights total did you spend in a hospital (for mental, emotional, behavioral, or psychological problems)?</p>', NULL, NULL, 'a:4:{s:5:"total";d:93;s:1:"n";i:2;s:3:"max";d:90;s:3:"min";d:3;}', 'b:0;', 'n', 46),
(38, 2, 'nd', '<p>During the past 90 days, how many times did you see a doctor in an office or outpatient clinic (for mental, emotional, behavioral, or psychological problems)?</p>', NULL, NULL, 'a:4:{s:5:"total";d:98;s:1:"n";i:2;s:3:"max";d:90;s:3:"min";d:8;}', 'b:0;', 'n', 47),
(39, 2, 'mp', '<p>During the past week, how many days did you take prescription drugs that were prescribed to you for mental, emotional, behavioral, or psychological problems (e.g. Zoloft, Prozac, Paxil, Ativan)?</p>', NULL, NULL, 'a:9:{i:1778;i:0;i:1779;i:0;i:1780;i:0;i:1781;i:0;i:1782;i:1;i:1783;i:0;i:1784;i:0;i:1785;i:0;i:7;i:1;}', 'b:0;', 'n', 48),
(40, 2, 'mp', '<p>How important is it for you to&nbsp;<strong>not</strong> drink alcohol in the next 90 days? (1 = Not important, 6= Somewhat important, 10 = Very important)</p>', NULL, NULL, 'a:10:{i:145;i:3;i:146;i:0;i:147;i:1;i:148;i:0;i:149;i:2;i:150;i:1;i:151;i:0;i:152;i:0;i:153;i:1;i:154;i:1;}', 'b:0;', 'n', 49),
(41, 2, 'mp', '<p>How <strong>important</strong> is it for you to&nbsp;<strong>not</strong> use drugs (other than alchohol) during the next 90 days? (1 = Not important, 6= Somewhat important, 10 = Very important)</p>', NULL, NULL, 'a:10:{i:155;i:2;i:156;i:0;i:157;i:1;i:158;i:0;i:159;i:3;i:160;i:1;i:161;i:0;i:162;i:1;i:163;i:1;i:164;i:0;}', '', 'n', 50),
(42, 2, 'mp', '<p>How <strong>confident</strong> are you that you will&nbsp;<strong>not&nbsp;</strong>use alcohol&nbsp;during the next 90 days? (1 = Not important, 6= Somewhat important, 10 = Very important)</p>', NULL, NULL, 'a:10:{i:165;i:3;i:166;i:0;i:167;i:1;i:168;i:1;i:169;i:2;i:170;i:0;i:171;i:1;i:172;i:0;i:173;i:1;i:174;i:0;}', '', 'n', 51),
(43, 2, 'mp', '<p>How <strong>confident</strong> are you that you will&nbsp;<strong>not&nbsp;</strong>use drugs (other than alcohol) during the next 90 days? (1 = Not important, 6= Somewhat important, 10 = Very important)</p>', NULL, NULL, 'a:10:{i:175;i:3;i:176;i:0;i:177;i:2;i:178;i:0;i:179;i:2;i:180;i:1;i:181;i:0;i:182;i:0;i:183;i:1;i:184;i:0;}', '', 'n', 52),
(44, 2, 'mp', '<p>How often do you have a drink containing alcohol?</p>', NULL, NULL, 'a:5:{i:185;i:1;i:186;i:1;i:187;i:2;i:188;i:1;i:189;i:4;}', '', 'n', 53),
(45, 2, 'mp', '<p>How many drinks containing alcohol do you have on a typical day when you are drinking?</p>', NULL, NULL, 'a:5:{i:190;i:2;i:191;i:1;i:192;i:6;i:193;i:0;i:194;i:0;}', '', 'n', 54),
(46, 2, 'mp', '<p>How often do you have six or more drinks on one occasion?</p>', NULL, NULL, 'a:5:{i:195;i:1;i:196;i:0;i:197;i:3;i:198;i:5;i:199;i:0;}', '', 'n', 55),
(47, 2, 'mp', '<p>How often during the past 90 days have you found that you were unable to stop drinking once you had started?</p>', NULL, NULL, 'a:5:{i:200;i:4;i:201;i:0;i:202;i:2;i:203;i:3;i:204;i:0;}', 'b:0;', 'n', 56),
(48, 2, 'mp', '<p>How often during the past 90 days have you found that you needed a first drink in the morning to get yourself going after a heavy drinking session?</p>', NULL, NULL, 'a:5:{i:205;i:6;i:206;i:1;i:207;i:2;i:208;i:0;i:209;i:0;}', '', 'n', 57),
(49, 2, 'mp', '<p>How often during the past 90 days have you found that you had a feeling of guilt or remorse after drinking?</p>', NULL, NULL, 'a:5:{i:210;i:6;i:211;i:0;i:212;i:0;i:213;i:2;i:214;i:1;}', '', 'n', 58),
(50, 2, 'mp', '<p>How often during the past 90 days have you been unable to remember what happened the night before because of your drinking?</p>', NULL, NULL, 'a:5:{i:215;i:1;i:216;i:2;i:217;i:2;i:218;i:3;i:219;i:1;}', '', 'n', 59),
(51, 2, 'mp', '<p>Have you or someone else been injured because of your drinking?</p>', NULL, NULL, 'a:3:{i:220;i:6;i:221;i:3;i:222;i:0;}', '', 'n', 60),
(52, 2, 'mp', '<p>Has a relative, friend, doctor or other health care worker been concerned about your drinking or suggested you cut down?</p>', NULL, NULL, 'a:3:{i:223;i:2;i:224;i:3;i:225;i:4;}', '', 'n', 61),
(53, 2, 'nd', '<p>During the past 90 days, how many times did you see a doctor in an office or outpatient clinic (for mental, emotional, behavioral, or psychological problems)?</p>', NULL, NULL, 'a:4:{s:5:"total";d:103;s:1:"n";i:2;s:3:"max";d:90;s:3:"min";d:13;}', 'b:0;', 'n', 62),
(54, 2, 'dt', '<p>What was the last date that you used alcohol and/or drugs?</p>', NULL, NULL, NULL, '', 'n', 63),
(55, 2, 'mp', '<p>Do you find yourself thinking about when you will next be able to have another drink or take more drugs?</p>', NULL, NULL, 'a:4:{i:226;i:1;i:227;i:5;i:228;i:3;i:229;i:0;}', 'b:0;', 'n', 64),
(56, 2, 'mp', '<p>Is drinking or taking drugs more important than anything else you might do during the day?</p>', NULL, NULL, 'a:4:{i:230;i:5;i:231;i:3;i:232;i:1;i:233;i:0;}', 'b:0;', 'n', 65),
(57, 2, 'mp', '<p>Do you feel that your need for drinking or drugs is too strong to control?</p>', NULL, NULL, 'a:4:{i:234;i:6;i:235;i:2;i:236;i:1;i:237;i:0;}', 'b:0;', 'n', 66),
(58, 2, 'mp', '<p>Do you plan your days around getting and taking drugs or drinking?</p>', NULL, NULL, 'a:4:{i:238;i:5;i:239;i:2;i:240;i:1;i:241;i:1;}', 'b:0;', 'n', 67),
(59, 2, 'mp', '<p>Do you drink or take drugs in a particular way in order to increase the effect it gives you?</p>', NULL, NULL, 'a:4:{i:242;i:2;i:243;i:4;i:244;i:2;i:245;i:1;}', 'b:0;', 'n', 68),
(60, 2, 'mp', '<p>Do you drink or take other drugs in the morning, afternoon, and evening?</p>', NULL, NULL, 'a:4:{i:246;i:1;i:247;i:4;i:248;i:3;i:249;i:1;}', 'b:0;', 'n', 69),
(61, 2, 'mp', '<p>Do you feel you have to carry on drinking or taking drugs once you''ve started?</p>', NULL, NULL, 'a:4:{i:250;i:2;i:251;i:3;i:252;i:3;i:253;i:1;}', 'b:0;', 'n', 70),
(62, 2, 'mp', '<p>Is getting the effect you want more important than the particular drink or drugs you use?</p>', NULL, NULL, 'a:4:{i:254;i:0;i:255;i:6;i:256;i:2;i:257;i:1;}', 'b:0;', 'n', 71),
(63, 2, 'mp', '<p>Do you want to drink more or take more drugs when the effect starts to wear off?</p>', NULL, NULL, 'a:4:{i:258;i:0;i:259;i:4;i:260;i:1;i:261;i:4;}', 'b:0;', 'n', 72),
(64, 2, 'mp', '<p>Do you find it difficult to cope with life without drinking or drugs?</p>', NULL, NULL, 'a:4:{i:262;i:4;i:263;i:2;i:264;i:3;i:265;i:0;}', 'b:0;', 'n', 73),
(65, 2, 'mp', '<p>During the past week, about how often has this happend to you? Little interest or pleasure doing things</p>', NULL, NULL, 'a:4:{i:266;i:4;i:267;i:3;i:268;i:1;i:269;i:1;}', 'b:0;', 'n', 74),
(66, 2, 'mp', '<p>During the past week, about how often has this happend to you? Feeling down, depressed or hopeless</p>', NULL, NULL, 'a:4:{i:270;i:6;i:271;i:2;i:272;i:1;i:273;i:0;}', 'b:0;', 'n', 75),
(67, 2, 'mp', '<p>During the past week, about how often has this happend to you?<br /><br />- Trouble falling or staying asleep, or sleeping too much</p>', NULL, NULL, 'a:4:{i:274;i:2;i:275;i:4;i:276;i:3;i:277;i:0;}', 'b:0;', 'n', 76),
(68, 2, 'mp', '<p>During the past week, about how often has this happend to you?<br /><br />- Feeling tired or having little energy</p>', NULL, NULL, 'a:4:{i:278;i:2;i:279;i:4;i:280;i:2;i:281;i:1;}', 'b:0;', 'n', 77),
(69, 2, 'mp', '<p>During the past week, about how often has this happend to you?<br /><br />- Poor appetite or overeating</p>', NULL, NULL, 'a:4:{i:282;i:2;i:283;i:4;i:284;i:3;i:285;i:0;}', 'b:0;', 'n', 78),
(70, 2, 'mp', '<p>During the past week, about how often has this happened to you?<br /><br />- Feeling bad about yourself - or that you are a failure or have let yourself or your family down</p>', NULL, NULL, 'a:4:{i:286;i:5;i:287;i:1;i:288;i:3;i:289;i:0;}', 'b:0;', 'n', 79),
(71, 2, 'mp', '<p>During the past week, about how often has this happend to you?<br /><br />- Trouble concentrating on things, such as reading the newspaper or watching television</p>', NULL, NULL, 'a:4:{i:290;i:5;i:291;i:1;i:292;i:3;i:293;i:0;}', 'b:0;', 'n', 80),
(72, 2, 'mp', '<p>During the past week, about how often has this happened to you?<br /><br />- Moving or speaking so slowly that other people could have noticed? Or the opposite - being so fidgety or restless that you have been moving around a lot more than usual</p>', NULL, NULL, 'a:4:{i:294;i:5;i:295;i:2;i:296;i:1;i:297;i:1;}', 'b:0;', 'n', 81),
(73, 2, 'mp', '<p>During the past week, about how often has this happend to you<br /><br />- Thoughts that you would be better off dead or of hurting yourself in some way</p>', NULL, NULL, 'a:4:{i:298;i:6;i:299;i:2;i:300;i:1;i:301;i:0;}', 'b:0;', 'n', 82),
(74, 2, 'mp', '<p>If you checked off any problems, how difficult have these problems made it for you to do your work, take care of things at home, or get along with other people?</p>', NULL, NULL, 'a:4:{i:302;i:5;i:303;i:2;i:304;i:1;i:305;i:1;}', 'b:0;', 'n', 83),
(75, 2, 'mp', '<p>During the past week, about how often has this happened to you?<br /><br />- Feeling nervous, anxious or on edge</p>', NULL, NULL, 'a:4:{i:306;i:4;i:307;i:2;i:308;i:3;i:309;i:0;}', 'b:0;', 'n', 84),
(76, 2, 'mp', '<p>During the past week, about how often has this happened to you?<br /><br />- Not being able to stop or control worrying</p>', NULL, NULL, 'a:4:{i:310;i:4;i:311;i:4;i:312;i:1;i:313;i:0;}', 'b:0;', 'n', 85),
(77, 2, 'mp', '<p>During the past week, about how often has this happened to you<br /><br />- Worrying too much about different things</p>', NULL, NULL, 'a:4:{i:314;i:4;i:315;i:1;i:316;i:4;i:317;i:0;}', 'b:0;', 'n', 86),
(78, 2, 'mp', '<p>During the past week, about how often has this happened to you<br /><br />- Trouble relaxing</p>', NULL, NULL, 'a:4:{i:318;i:4;i:319;i:2;i:320;i:2;i:321;i:1;}', 'b:0;', 'n', 87),
(79, 2, 'mp', '<p>During the past week, about how often has this happened to you?<br /><br />- Being so restless that it''s hard to sit still</p>', NULL, NULL, 'a:4:{i:322;i:4;i:323;i:3;i:324;i:1;i:325;i:1;}', 'b:0;', 'n', 88),
(80, 2, 'mp', '<p>During the past week, about how often has this happened to you<br /><br />- Becoming easily annoyed or irritable</p>', NULL, NULL, 'a:4:{i:326;i:4;i:327;i:2;i:328;i:1;i:329;i:2;}', 'b:0;', 'n', 89),
(81, 2, 'mp', '<p>During the past week, about how often has this happened to you<br /><br />- Feeling afraid as if something awful might happen</p>', NULL, NULL, 'a:4:{i:330;i:5;i:331;i:2;i:332;i:2;i:333;i:0;}', 'b:0;', 'n', 90),
(82, 2, 'mp', '<p>Please rate how strong your desire for drugs and/or alcohol was during the past week (0 = No desire at all, 9 = Extremely strong desire)</p>', NULL, NULL, 'a:10:{i:334;i:0;i:335;i:0;i:336;i:1;i:337;i:3;i:338;i:1;i:339;i:1;i:340;i:2;i:341;i:0;i:342;i:1;i:343;i:0;}', '', 'n', 91),
(83, 2, 'mp', '<p>During the past week, please rate how strong your desire for drugs and/or alcohol when something in the environment has reminded you of it (examples: seeing a razor blade, a spoon, a needle, a mirror, a beer ad). (0 = No urges, 9 = Extremely strong urges)</p>', NULL, NULL, 'a:10:{i:344;i:0;i:345;i:0;i:346;i:4;i:347;i:1;i:348;i:0;i:349;i:1;i:350;i:2;i:351;i:0;i:352;i:0;i:353;i:1;}', '', 'n', 92),
(84, 2, 'mp', '<p>Please imagine yourself in the environment in which you previously used drugs and/or alcohol (a bar, your dealer''s house, a shooting gallery, or whatever situation reminds you most strongly of active drug use) If you were in this environment right now, what is the likelihood that you would use drugs? (0 = Not at all, 9 = I''m sure I would use)</p>', NULL, NULL, 'a:10:{i:354;i:1;i:355;i:0;i:356;i:0;i:357;i:0;i:358;i:0;i:359;i:2;i:360;i:3;i:361;i:2;i:362;i:0;i:363;i:1;}', 'b:0;', 'n', 93),
(85, 2, 'mp', '<p>On the scale below, please choose the number that best describes how much pain you have experienced over the past week (0 = no pain to 10)</p>', NULL, NULL, 'a:11:{i:364;i:4;i:365;i:1;i:366;i:0;i:367;i:0;i:368;i:1;i:369;i:0;i:370;i:1;i:371;i:0;i:372;i:2;i:373;i:0;i:374;i:0;}', '', 'n', 94),
(86, 2, 'mp', '<p>Staying sober is the most important thing in my life.</p>', NULL, NULL, 'a:5:{i:375;i:0;i:376;i:2;i:377;i:4;i:378;i:3;i:379;i:0;}', 'b:0;', 'n', 95),
(87, 2, 'mp', '<p>I am totally committed to staying off of alcohol/drugs.</p>', NULL, NULL, 'a:5:{i:380;i:2;i:381;i:0;i:382;i:6;i:383;i:1;i:384;i:0;}', '', 'n', 95),
(88, 2, 'mp', '<p>I will do whatever it takes to recover from my addiction.</p>', NULL, NULL, 'a:5:{i:385;i:1;i:386;i:1;i:387;i:5;i:388;i:2;i:389;i:0;}', '', 'n', 97),
(89, 2, 'mp', '<p>I never want to return to alcohol/drug use again.</p>', NULL, NULL, 'a:5:{i:390;i:0;i:391;i:2;i:392;i:6;i:393;i:1;i:394;i:0;}', '', 'n', 98),
(90, 2, 'mp', '<p>I have had enough alcohol and drugs.</p>', NULL, NULL, 'a:5:{i:395;i:1;i:396;i:2;i:397;i:4;i:398;i:2;i:399;i:0;}', '', 'n', 99),
(92, 4, 'mp', '<p>During the past week, how many days did you get drunk at all or were you high for most of the day?</p>', NULL, NULL, 'a:8:{i:1591;i:1;i:1592;i:3;i:1593;i:1;i:1594;i:2;i:1595;i:3;i:1596;i:0;i:1597;i:1;i:1598;i:0;}', 'b:0;', 'n', 2),
(93, 4, 'mp', '<p>During the past week, what was the most days you went in a row without using alcohol, marijuana, or other drugs?</p>', NULL, NULL, 'a:8:{i:1615;i:1;i:1616;i:2;i:1617;i:1;i:1618;i:4;i:1619;i:1;i:1620;i:1;i:1621;i:1;i:1622;i:0;}', 'b:0;', 'n', 3),
(94, 4, 'mp', '<p>During the past week, on how many days have you attended one or more self-help group meetings (such as AA, NA, CA or SMART Recovery) for your&nbsp;alcohol&nbsp;or drug use?</p>', NULL, NULL, 'a:8:{i:1623;i:1;i:1624;i:2;i:1625;i:2;i:1626;i:1;i:1627;i:2;i:1628;i:2;i:1629;i:0;i:1630;i:1;}', 'b:0;', 'n', 4),
(95, 4, 'mp', '<p>During the past week, on how many days did you take prescription drugs that were prescribed to you such as Buprenorphine (ie. Suboxone, Subutex), Disulfiram (i.e. Antabuse), Naltrexone (i.e. Revia), Topiramate (Topomax) or Methadone to help with drug/alcohol&nbsp;withdrawal symptoms or cravings?</p>', NULL, NULL, 'a:8:{i:1631;i:1;i:1632;i:1;i:1633;i:2;i:1634;i:2;i:1635;i:1;i:1636;i:1;i:1637;i:2;i:1638;i:0;}', 'b:0;', 'n', 5),
(96, 4, 'mp', '<p>During the past week, on how many days did you take prescription drugs that were prescribed to you for mental, emotional, behavioral or psychological problems (e.g. Zoloft, Prozac, Paxil, Ativan)?</p>', NULL, NULL, 'a:8:{i:1639;i:1;i:1640;i:1;i:1641;i:1;i:1642;i:3;i:1643;i:1;i:1644;i:3;i:1645;i:0;i:1646;i:1;}', 'b:0;', 'n', 6),
(97, 4, 'mp', '<p>During the past week, on how many days were you bothered by any nerve, mental, or psychological problems?</p>', NULL, NULL, 'a:8:{i:1647;i:1;i:1648;i:1;i:1649;i:1;i:1650;i:2;i:1651;i:2;i:1652;i:3;i:1653;i:1;i:1654;i:0;}', 'b:0;', 'n', 7),
(98, 4, 'mp', '<p>During the past week, on how many days did these problems keep you from meeting your responsibilites at work, school, or home, and make you feel like you could not go on?</p>', NULL, NULL, 'a:8:{i:1655;i:2;i:1656;i:2;i:1657;i:1;i:1658;i:1;i:1659;i:1;i:1660;i:3;i:1661;i:1;i:1662;i:0;}', 'b:0;', 'n', 8),
(99, 4, 'mp', '<p>Please rate how strong your desire for drugs and/or alcohol was during the past week (0 = No desire at all, 9 = Extremely strong desire)</p>', NULL, NULL, 'a:10:{i:400;i:3;i:401;i:2;i:402;i:3;i:403;i:2;i:404;i:3;i:405;i:0;i:406;i:3;i:407;i:1;i:408;i:1;i:409;i:0;}', 'b:0;', 'n', 9),
(100, 4, 'mp', '<p>On the scale below, please choose the number that best describes how much pain you have experienced over the past week. (0 = No pain, 9 = Extreme pain)</p>', NULL, NULL, 'a:10:{i:410;i:3;i:411;i:1;i:412;i:2;i:413;i:3;i:414;i:4;i:415;i:1;i:416;i:1;i:417;i:1;i:418;i:0;i:419;i:1;}', 'b:0;', 'n', 10),
(101, 4, 'mp', '<p>How <strong>important</strong> is it for you&nbsp;<strong>not</strong>&nbsp;to drink alcohol in the next week? (0 = Not important, 10 = Very important)</p>', NULL, NULL, 'a:10:{i:420;i:3;i:421;i:1;i:422;i:1;i:423;i:4;i:424;i:3;i:425;i:1;i:426;i:1;i:427;i:1;i:428;i:3;i:429;i:0;}', 'b:0;', 'n', 11),
(102, 4, 'mp', '<p>How <strong>important</strong> is it for you to&nbsp;<strong>not</strong>&nbsp;use drugs (other than alcohol) during the next week? (0 = Not important, 10 = Very important)</p>', NULL, NULL, 'a:10:{i:430;i:3;i:431;i:1;i:432;i:2;i:433;i:4;i:434;i:2;i:435;i:0;i:436;i:1;i:437;i:2;i:438;i:2;i:439;i:1;}', 'b:0;', 'n', 12),
(103, 4, 'mp', '<p>How <strong>confident</strong> are you that you will <strong>not</strong>&nbsp;use alcohol during the next week? (0 = Not confident at all, 10 = Very confident)</p>', NULL, NULL, 'a:10:{i:440;i:3;i:441;i:3;i:442;i:1;i:443;i:3;i:444;i:2;i:445;i:1;i:446;i:3;i:447;i:1;i:448;i:1;i:449;i:0;}', 'b:0;', 'n', 13),
(104, 4, 'mp', '<p>How <strong>confident</strong> are you that you will <strong>not</strong>&nbsp;use drugs (other than alcohol) during the next week? (0 = Not confident at all, 10 = Very confident)</p>', NULL, NULL, 'a:10:{i:450;i:1;i:451;i:3;i:452;i:2;i:453;i:4;i:454;i:1;i:455;i:2;i:456;i:2;i:457;i:1;i:458;i:1;i:459;i:1;}', 'b:0;', 'n', 14),
(298, 100, 'ma', '<p>checkbox</p>', NULL, NULL, 'a:5:{i:1738;i:13;i:1739;i:9;i:1740;i:7;i:1741;i:3;s:14:"_total_selects";i:15;}', '', 'n', 2),
(299, 100, 'st', '<p>text</p>', NULL, NULL, NULL, '', 'n', 3),
(300, 2, 'mp', '<p>Have you ever participated in outpatient addiction treatment?</p>', NULL, NULL, 'a:2:{i:1742;i:3;i:1743;i:0;}', 'b:0;', 'n', 26),
(301, 2, 'nd', '<p>How many times?</p>', NULL, NULL, 'a:4:{s:5:"total";d:39;s:1:"n";i:3;s:3:"max";d:32;s:3:"min";d:3;}', 'b:0;', 'n', 27),
(302, 2, 'mp', '<p>Are you currently still participating in outpatient addiction treatment?</p>', NULL, NULL, 'a:2:{i:1744;i:3;i:1745;i:0;}', '', 'n', 28),
(303, 2, 'mp', '<p>Have you ever received alcohol/drug detoxification services?</p>', NULL, NULL, 'a:2:{i:1746;i:3;i:1747;i:0;}', '', 'n', 29),
(304, 2, 'nd', '<p>How many times? Enter number</p>', NULL, NULL, 'a:4:{s:5:"total";d:55;s:1:"n";i:3;s:3:"max";d:43;s:3:"min";d:3;}', 'b:0;', 'n', 30),
(305, 2, 'mp', '<p>Have you ever received inpatient or residential treatment?</p>', NULL, NULL, 'a:2:{i:1748;i:3;i:1749;i:0;}', '', 'n', 31),
(306, 2, 'nd', '<p>How many times?</p>', NULL, NULL, 'a:4:{s:5:"total";d:17;s:1:"n";i:3;s:3:"max";d:9;s:3:"min";d:2;}', 'b:0;', 'n', 32),
(307, 2, 'mp', '<p>Have you ever resided in a halfway house, sober dorm, or other sober living environment?</p>', NULL, NULL, 'a:2:{i:1750;i:2;i:1751;i:0;}', '', 'n', 33),
(308, 2, 'nd', '<p>How many times? Enter number</p>', NULL, NULL, 'a:4:{s:5:"total";d:26;s:1:"n";i:3;s:3:"max";d:20;s:3:"min";d:3;}', 'b:0;', 'n', 34),
(309, 2, 'mp', '<p>Are you currently still residing in a halfway house, sober dorm, or other sober living environment?</p>', NULL, NULL, 'a:2:{i:1752;i:2;i:1753;i:0;}', '', 'n', 35),
(310, 4, 'mp', '<p>Have you ever participated in outpatient addiction treatment?</p>', NULL, NULL, 'a:2:{i:1754;i:7;i:1755;i:0;}', '', 'n', 15),
(311, 4, 'nd', '<p>How many times? Enter number</p>', NULL, NULL, 'a:4:{s:5:"total";d:59;s:1:"n";i:7;s:3:"max";d:33;s:3:"min";d:2;}', 'b:0;', 'n', 16),
(312, 4, 'mp', '<p>Are you currently still participating in outpatient addiction treatment?</p>', NULL, NULL, 'a:2:{i:1756;i:7;i:1757;i:0;}', '', 'n', 17),
(313, 4, 'mp', '<p>Have you ever received alcohol/drug detoxification services?</p>', NULL, NULL, 'a:2:{i:1758;i:7;i:1759;i:0;}', '', 'n', 18),
(136, 1, 'mp', '<p>Parent treatment type</p>', NULL, NULL, 'a:3:{i:649;i:7;i:650;i:2;i:651;i:0;}', '', 'y', 1),
(137, 1, 'dt', '<p>Date of birth</p>', NULL, NULL, NULL, '', 'y', 2),
(138, 1, 'mp', '<p>What is your gender?</p>', NULL, NULL, 'a:4:{i:652;i:7;i:653;i:2;i:654;i:0;i:655;i:0;}', '', 'y', 3),
(139, 1, 'mp', '<p>Which best describes your ethnicity?</p>', NULL, NULL, 'a:9:{i:656;i:1;i:657;i:4;i:658;i:2;i:659;i:0;i:660;i:0;i:661;i:1;i:662;i:0;i:663;i:0;i:664;i:1;}', '', 'y', 4),
(140, 1, 'st', '<p>What is your occupation?</p>', NULL, NULL, NULL, 'b:0;', 'y', 5),
(141, 1, 'mp', '<p>What is your highest level of education?</p>', NULL, NULL, 'a:6:{i:665;i:1;i:666;i:0;i:667;i:0;i:668;i:0;i:669;i:2;i:670;i:6;}', '', 'y', 6),
(142, 1, 'mp', '<p>In general, how would you describe your current health?</p>', NULL, NULL, 'a:5:{i:671;i:1;i:672;i:5;i:673;i:3;i:674;i:0;i:675;i:0;}', '', 'n', 7),
(143, 1, 'mp', '<p>What is your relationship to the person you are concerned about?</p>', NULL, NULL, 'a:12:{i:676;i:6;i:677;i:2;i:678;i:0;i:679;i:0;i:680;i:0;i:681;i:0;i:682;i:0;i:683;i:0;i:684;i:0;i:685;i:0;i:686;i:0;i:687;i:1;}', '', 'n', 8),
(144, 1, 'mp', '<p>Does the person you are concerned about live with you...</p>', NULL, NULL, 'a:5:{i:688;i:6;i:689;i:2;i:690;i:0;i:691;i:0;i:692;i:1;}', '', 'n', 9),
(145, 1, 'mp', '<p>Approximately how many times per week during the past 4 weeks have you had contact with him/her (on average)?</p>', NULL, NULL, 'a:10:{i:693;i:1;i:694;i:1;i:695;i:1;i:696;i:1;i:697;i:0;i:698;i:0;i:699;i:4;i:700;i:0;i:701;i:0;i:702;i:1;}', '', 'n', 10),
(146, 1, 'mp', '<p>How well do you understand the nature of addiction and/or drug-related problems?<br /><br />1 = Not well at all<br />10 = Very well</p>', NULL, NULL, 'a:10:{i:703;i:0;i:704;i:0;i:705;i:1;i:706;i:0;i:707;i:2;i:708;i:0;i:709;i:6;i:710;i:0;i:711;i:0;i:712;i:0;}', 'b:0;', 'n', 11),
(147, 1, 'mp', '<p>How competent do you feel in your ability to effectively help your son/daughter/loved one with their alcohol and/or drug-related problem<br /><br />1 = Not competent<br />10 = Very competent</p>', NULL, NULL, 'a:10:{i:713;i:0;i:714;i:2;i:715;i:4;i:716;i:0;i:717;i:2;i:718;i:0;i:719;i:1;i:720;i:0;i:721;i:0;i:722;i:0;}', 'b:0;', 'n', 12),
(148, 1, 'mp', '<p>How comfortable do you feel in your ability to communicate with your son/daughter/loved one about their alcohol and/or drug-related problem?<br /><br />1 = Not comfortable<br />10 = Very comfortable</p>', NULL, NULL, 'a:10:{i:723;i:0;i:724;i:1;i:725;i:1;i:726;i:0;i:727;i:6;i:728;i:0;i:729;i:1;i:730;i:0;i:731;i:0;i:732;i:0;}', 'b:0;', 'n', 13),
(149, 1, 'mp', '<p>How well are you able to cope with your son/daughter/loved one''s alcohol and/or drug-related problem?<br /><br />1 = Not able to cope<br />10 = Very able to cope</p>', NULL, NULL, 'a:10:{i:733;i:1;i:734;i:1;i:735;i:0;i:736;i:0;i:737;i:2;i:738;i:4;i:739;i:1;i:740;i:0;i:741;i:0;i:742;i:0;}', 'b:0;', 'n', 14),
(150, 1, 'mp', '<p>How bothered/stressed are you by your son/daughter/loved one''s alcohol and/or drug-related problem?<br /><br />1 = Not bothered/stressed<br />10 = Very bothered/stressed</p>', NULL, NULL, 'a:10:{i:743;i:0;i:744;i:0;i:745;i:0;i:746;i:0;i:747;i:2;i:748;i:1;i:749;i:1;i:750;i:0;i:751;i:1;i:752;i:4;}', 'b:0;', 'n', 15),
(151, 1, 'mp', '<p>Has your son/daughter/loved one ever received treatment for an alcohol and/or drug-related problem?</p>', NULL, NULL, 'a:2:{i:753;i:7;i:754;i:2;}', '', 'n', 16),
(152, 1, 'mp', '<p>Is your son/daughter/loved one currently engaged in treatment for an alcohol and/or drug-related problem?</p>', NULL, NULL, 'a:2:{i:755;i:7;i:756;i:2;}', '', 'n', 17),
(153, 1, 'mp', '<p>Is your son/daughter/loved one currently engaged in recovery from an alcohol and/or drug-related problem?</p>', NULL, NULL, 'a:2:{i:757;i:1;i:758;i:8;}', '', 'n', 18),
(154, 1, 'ma', '<p>During the past 30 days, how many of the following mutual-help group meetings have you attended? Please check all that apply.</p>', NULL, NULL, 'a:8:{i:759;i:1;i:760;i:2;i:761;i:3;i:762;i:1;i:763;i:0;i:764;i:5;i:765;i:0;s:14:"_total_selects";i:8;}', '', 'n', 19),
(155, 1, 'mp', '<p>How many Monday night ARMS Parent Group Meetings have you attended in the past 30 days?</p>', NULL, NULL, 'a:7:{i:766;i:8;i:767;i:1;i:768;i:0;i:769;i:0;i:770;i:0;i:771;i:0;s:14:"_total_selects";i:9;}', 'b:0;', 'n', 20),
(156, 1, 'mp', '<p>How many Wednesday night ARMS Parent Group Meetings have you attended in the past 30 days?</p>', NULL, NULL, 'a:7:{i:772;i:8;i:773;i:0;i:774;i:0;i:775;i:0;i:776;i:0;i:777;i:0;s:14:"_total_selects";i:8;}', 'b:0;', 'n', 21),
(157, 1, 'dd', '<p>How many ARMS Parent Coaching sessions have you attended in the past 30 days?</p>', NULL, NULL, 'a:31:{i:778;i:5;i:779;i:1;i:780;i:0;i:781;i:1;i:782;i:1;i:783;i:0;i:784;i:0;i:785;i:0;i:786;i:0;i:787;i:0;i:788;i:0;i:789;i:0;i:790;i:0;i:791;i:0;i:792;i:0;i:793;i:0;i:794;i:0;i:795;i:0;i:796;i:0;i:797;i:0;i:798;i:0;i:799;i:0;i:800;i:0;i:801;i:0;i:802;i:0;i:803;i:0;i:804;i:0;i:805;i:0;i:806;i:0;i:807;i:0;i:808;i:0;}', '', 'n', 22),
(158, 1, 'dd', '<p>How many Al-Anon meetings have you attended in the past 30 days?</p>', NULL, NULL, 'a:31:{i:809;i:7;i:810;i:0;i:811;i:0;i:812;i:1;i:813;i:0;i:814;i:0;i:815;i:0;i:816;i:0;i:817;i:0;i:818;i:0;i:819;i:0;i:820;i:0;i:821;i:0;i:822;i:0;i:823;i:0;i:824;i:0;i:825;i:0;i:826;i:0;i:827;i:0;i:828;i:0;i:829;i:0;i:830;i:0;i:831;i:0;i:832;i:0;i:833;i:0;i:834;i:0;i:835;i:0;i:836;i:0;i:837;i:0;i:838;i:0;i:839;i:0;}', '', 'n', 23),
(159, 1, 'dd', '<p>How many Nar-Anon meetings have you attended in the past 30 days?</p>', NULL, NULL, 'a:31:{i:840;i:7;i:841;i:0;i:842;i:0;i:843;i:0;i:844;i:0;i:845;i:0;i:846;i:0;i:847;i:0;i:848;i:0;i:849;i:1;i:850;i:0;i:851;i:0;i:852;i:0;i:853;i:0;i:854;i:0;i:855;i:0;i:856;i:0;i:857;i:0;i:858;i:0;i:859;i:0;i:860;i:0;i:861;i:0;i:862;i:0;i:863;i:0;i:864;i:0;i:865;i:0;i:866;i:0;i:867;i:0;i:868;i:0;i:869;i:0;i:870;i:0;}', '', 'n', 24),
(160, 1, 'dd', '<p>How many Learn to Cope meetings have you attended in the past 30 days?</p>', NULL, NULL, 'a:31:{i:871;i:2;i:872;i:0;i:873;i:1;i:874;i:4;i:875;i:0;i:876;i:0;i:877;i:1;i:878;i:0;i:879;i:0;i:880;i:0;i:881;i:0;i:882;i:0;i:883;i:0;i:884;i:0;i:885;i:0;i:886;i:0;i:887;i:0;i:888;i:0;i:889;i:0;i:890;i:0;i:891;i:0;i:892;i:0;i:893;i:0;i:894;i:0;i:895;i:0;i:896;i:0;i:897;i:0;i:898;i:0;i:899;i:0;i:900;i:0;i:901;i:0;}', 'b:0;', 'n', 25),
(161, 1, 'dd', '<p>How many Families Anonymous meetings have you attended in the past 30 days?</p>', NULL, NULL, 'a:31:{i:902;i:7;i:903;i:0;i:904;i:0;i:905;i:0;i:906;i:0;i:907;i:0;i:908;i:0;i:909;i:0;i:910;i:0;i:911;i:0;i:912;i:1;i:913;i:0;i:914;i:0;i:915;i:0;i:916;i:0;i:917;i:0;i:918;i:0;i:919;i:0;i:920;i:0;i:921;i:0;i:922;i:0;i:923;i:0;i:924;i:0;i:925;i:0;i:926;i:0;i:927;i:0;i:928;i:0;i:929;i:0;i:930;i:0;i:931;i:0;i:932;i:0;}', '', 'n', 26),
(162, 1, 'mp', '<p>In the last month, how often have you been upset because of something that happened unexpectedly?</p>', NULL, NULL, 'a:5:{i:933;i:1;i:934;i:3;i:935;i:4;i:936;i:0;i:937;i:0;}', '', 'n', 27),
(163, 1, 'mp', '<p>In the last month, how often have you felt that you were unable to control the important things in your life?</p>', NULL, NULL, 'a:5:{i:938;i:5;i:939;i:3;i:940;i:0;i:941;i:0;i:942;i:0;}', '', 'n', 28),
(164, 1, 'mp', '<p>In the last month, how often have you felt nervous and "stressed"?</p>', NULL, NULL, 'a:5:{i:943;i:5;i:944;i:0;i:945;i:2;i:946;i:1;i:947;i:0;}', '', 'n', 29),
(165, 1, 'mp', '<p>In the last month, how often have you felt confident about your ability to handle your personal problems?</p>', NULL, NULL, 'a:5:{i:948;i:0;i:949;i:0;i:950;i:5;i:951;i:0;i:952;i:3;}', '', 'n', 30),
(166, 1, 'mp', '<p>In the last month, how often have you felt that things were going your way?</p>', NULL, NULL, 'a:5:{i:953;i:1;i:954;i:0;i:955;i:3;i:956;i:4;i:957;i:0;}', '', 'n', 31),
(167, 1, 'mp', '<p>In the last month, how often have you found that you could not cope with all the things you had to do?</p>', NULL, NULL, 'a:5:{i:958;i:2;i:959;i:0;i:960;i:2;i:961;i:4;i:962;i:0;}', '', 'n', 32),
(168, 1, 'mp', '<p>In the last month, how often have you been able to control irritations in your life?</p>', NULL, NULL, 'a:5:{i:963;i:0;i:964;i:0;i:965;i:2;i:966;i:4;i:967;i:2;}', '', 'n', 33),
(169, 1, 'mp', '<p>In the last month, how often have you felt that you were on top of things?</p>', NULL, NULL, 'a:5:{i:968;i:1;i:969;i:0;i:970;i:1;i:971;i:0;i:972;i:6;}', '', 'n', 34),
(170, 1, 'mp', '<p>In the last month, how often have you been angered because of things that were outside of your control?</p>', NULL, NULL, 'a:5:{i:973;i:0;i:974;i:6;i:975;i:2;i:976;i:0;i:977;i:0;}', '', 'n', 35),
(171, 1, 'mp', '<p>In the last month, how often have you felt difficulties were piling up so high that you could not overcome them?</p>', NULL, NULL, 'a:5:{i:978;i:2;i:979;i:4;i:980;i:2;i:981;i:0;i:982;i:0;}', '', 'n', 36),
(172, 1, 'mp', '<p>How much in the past 4 weeks have you felt calm and peaceful?</p>', NULL, NULL, 'a:6:{i:983;i:0;i:984;i:5;i:985;i:1;i:986;i:2;i:987;i:0;i:988;i:0;}', '', 'n', 37),
(173, 1, 'mp', '<p>How much of the time in the past 4 weeks did you have a lot of energy?</p>', NULL, NULL, 'a:6:{i:989;i:4;i:990;i:1;i:991;i:2;i:992;i:0;i:993;i:1;i:994;i:0;}', '', 'n', 38),
(174, 1, 'mp', '<p>How much of the time in the past 4 weeks did you feel downhearted and blue?</p>', NULL, NULL, 'a:6:{i:995;i:0;i:996;i:0;i:997;i:2;i:998;i:0;i:999;i:0;i:1000;i:6;}', '', 'n', 39),
(175, 1, 'mp', '<p>During the past 4 weeks, how much of the time has your physical health or emotional problems interfered with your social activities (like visiting friends, relatives, etc...)?</p>', NULL, NULL, 'a:6:{i:1001;i:0;i:1002;i:0;i:1003;i:2;i:1004;i:0;i:1005;i:0;i:1006;i:6;}', 'b:0;', 'n', 40),
(320, 100, 'nd', '<p>Testing numbers</p>', NULL, NULL, 'a:4:{s:5:"total";d:321431235;s:1:"n";i:2;s:3:"max";d:321431234;s:3:"min";d:1;}', '', 'n', 9999),
(319, 4, 'mp', '<p>Are you currently still residing in a halfway house, sober dorm, or other sober living environment?</p>', NULL, NULL, 'a:2:{i:1764;i:6;i:1765;i:1;}', 'b:0;', 'n', 24),
(318, 4, 'nd', '<p>How many times</p>', NULL, NULL, 'a:4:{s:5:"total";d:47;s:1:"n";i:7;s:3:"max";d:13;s:3:"min";d:2;}', 'b:0;', 'n', 23),
(317, 4, 'mp', '<p>Have you ever resided in a halfway house, sober dorm, or other sober living environment?</p>', NULL, NULL, 'a:2:{i:1762;i:7;i:1763;i:0;}', 'b:0;', 'n', 22),
(316, 4, 'nd', '<p>How many times?</p>', NULL, NULL, 'a:4:{s:5:"total";d:29;s:1:"n";i:7;s:3:"max";d:12;s:3:"min";d:1;}', 'b:0;', 'n', 21),
(314, 4, 'nd', '<p>How many times?</p>', NULL, NULL, 'a:4:{s:5:"total";d:69;s:1:"n";i:7;s:3:"max";d:33;s:3:"min";d:1;}', 'b:0;', 'n', 19),
(297, 100, 'mp', '<p>radio button</p>', NULL, NULL, 'a:3:{i:1735;i:13;i:1736;i:3;i:1737;i:1;}', '', 'n', 1),
(296, 2, 'ma', '<p>Has a doctor, nurse, or counselor EVER told you that you have a mental or psychological problem, or told you the particular condition that you have or had? (If no, please select none)</p>', NULL, NULL, 'a:23:{i:1694;i:2;i:1695;i:1;i:1696;i:0;i:1697;i:0;i:1698;i:0;i:1699;i:0;i:1700;i:0;i:1701;i:0;i:1702;i:1;i:1703;i:1;i:1704;i:0;i:1705;i:0;i:1706;i:0;i:1707;i:0;i:1708;i:2;i:1709;i:0;i:1710;i:0;i:1711;i:0;i:1712;i:1;i:1713;i:0;i:1714;i:0;i:1715;i:0;s:14:"_total_selects";i:4;}', 'b:0;', 'n', 12),
(315, 4, 'mp', '<p>Have you ever received inpatient or residential treatment?</p>', NULL, NULL, 'a:2:{i:1760;i:7;i:1761;i:0;}', '', 'n', 20),
(184, 9, 'mp', '<p>How well do you understand the nature of addiction and/or drug-related problems?<br /><br />0 = Not very well<br />10 = Very well</p>', NULL, NULL, 'a:10:{i:1007;i:1;i:1008;i:0;i:1009;i:0;i:1010;i:0;i:1011;i:0;i:1012;i:0;i:1013;i:0;i:1014;i:0;i:1015;i:0;i:1016;i:0;}', 'b:0;', 'n', 1),
(185, 9, 'mp', '<p>How competent do you feel in your ability to effectively help your son/daughter/loved one with their alcohol and/or drug-related problem?</p>rn<p>0 = Not at all competent</p>rn<p>10 = Very competent</p>', NULL, NULL, NULL, 'b:0;', 'n', 2),
(186, 9, 'mp', '<p>How comfortable do you feel in your ability to communicate with your son/daughter/loved one about their alcohol and/or drug-related problem?</p>rn<p>0 = Not at all comfortable</p>rn<p>10 = Very comforatable</p>', NULL, NULL, NULL, 'b:0;', 'n', 3),
(187, 9, 'mp', '<p>How well are you able to cope with your son/ddaughter/loved one''s alcohol and/or drug-related problem?</p>rn<p>0 = Not able to cope at all</p>rn<p>10 = Able to cope very well</p>', NULL, NULL, NULL, 'b:0;', 'n', 4),
(188, 9, 'mp', '<p>How bothered/stressed are you by your son/daughter/loved one''s alcohol and/or drug-related problem?</p>rn<p>0 = Not at all</p>rn<p>10 = Very much</p>', NULL, NULL, NULL, '', 'n', 5),
(189, 9, 'mp', '<p>Has your son/daughter/loved one ever received treatment for an alcohol and/or drug related program?</p>', NULL, NULL, NULL, 'b:0;', 'n', 6),
(190, 9, 'mp', '<p>Is your son/daughter/loved one currently engaged in treatment for an alcohol and/or drug related problem?</p>', NULL, NULL, NULL, 'b:0;', 'n', 7),
(191, 9, 'mp', '<p>Is your son/daughter/loved one currently engaged in recovery from an alcohol and/or drug-related problem?</p>', NULL, NULL, NULL, '', 'n', 8),
(192, 9, 'ma', '<p>During the past 7 days, how many of the following mutual-help group meetings have you attended? Please check all that apply.</p>', NULL, NULL, NULL, 'b:0;', 'n', 9),
(193, 9, 'mp', '<p>How many Monday night ARMS Parent Group meetings have you attended in the past 7 days?</p>', NULL, NULL, NULL, 'a:0:{}', 'n', 10),
(194, 9, 'mp', '<p>How many Wednesday night ARMS Parent Group meetings have you attended in the past 7 days?</p>', NULL, NULL, NULL, '', 'n', 11),
(195, 9, 'mp', '<p>How many ARMS Parent Coaching sessions have you attended in the past 7 days?</p>', NULL, NULL, NULL, 'b:0;', 'n', 12),
(196, 9, 'mp', '<p>How many Al-Anon meetings have you attended in the past 7 days?</p>', NULL, NULL, NULL, '', 'n', 13),
(197, 9, 'mp', '<p>How many Nar-Anon meetings have you attended in the past 7 days?</p>', NULL, NULL, NULL, '', 'n', 14),
(198, 9, 'mp', '<p>How many Learn to Cope meetings have you attended in the past 7 days?</p>', NULL, NULL, NULL, '', 'n', 15),
(199, 9, 'mp', '<p>How many Families Anonymous meetings have you attended in the past 7 days?</p>', NULL, NULL, NULL, '', 'n', 16),
(200, 9, 'mp', '<p>In the last week, how often have you been upset because of something that happened unexpectedly?</p>', NULL, NULL, NULL, 'b:0;', 'n', 17),
(201, 9, 'mp', '<p>In the last week, how often have you felt that you were unable to control the important things in your life?</p>', NULL, NULL, NULL, 'b:0;', 'n', 18),
(202, 9, 'mp', '<p>In the last week, how often have you felt nervous and "stressed"?</p>', NULL, NULL, NULL, 'b:0;', 'n', 19),
(203, 9, 'mp', '<p>In the last week, how often have you felt confident about your ability to handle your personal problems?</p>', NULL, NULL, NULL, 'b:0;', 'n', 20),
(204, 9, 'mp', '<p>In the last week, how often have you felt that things wree going your way?</p>', NULL, NULL, NULL, 'b:0;', 'n', 21),
(205, 9, 'mp', '<p>In the last week, how often have you found that you could not cope with all the things you had to?</p>', NULL, NULL, NULL, 'b:0;', 'n', 22),
(206, 9, 'mp', '<p>In the last week, how often have you been able to control irritations in your life?</p>', NULL, NULL, NULL, 'b:0;', 'n', 23),
(207, 9, 'mp', '<p>In the last week, how often have you felt that you were on top of things?</p>', NULL, NULL, NULL, 'b:0;', 'n', 24),
(208, 9, 'mp', '<p>In the last week, how often have you been angered because of things that were outside of your control?</p>', NULL, NULL, NULL, 'b:0;', 'n', 25),
(209, 9, 'mp', '<p>In the last <strong>month</strong>, how often have you felt difficulties were piling up so high that you could not overcome them?</p>', NULL, NULL, NULL, 'b:0;', 'n', 26),
(210, 9, 'mp', '<p>How much time in&nbsp;<strong>the past week</strong> have you felt calm and peaceful?</p>', NULL, NULL, NULL, 'b:0;', 'n', 27),
(211, 9, 'mp', '<p>How much of the time in the past week did you have a lot of energy?</p>', NULL, NULL, NULL, 'b:0;', 'n', 28),
(212, 9, 'mp', '<p>How much of the time in the past week did you feel downhearted and blue?</p>', NULL, NULL, NULL, 'b:0;', 'n', 29),
(213, 9, 'mp', '<p>During the past week, how much of the time has your physical health or emotional problems interfered with your social activities (like visiting friends, relatives, etc)?</p>', NULL, NULL, NULL, 'b:0;', 'n', 30),
(277, 3, 'mp', '<p>How many Learn to Cope meetings have you attended in the past 7 days?</p>', NULL, NULL, 'a:8:{i:1566;i:1;i:1567;i:1;i:1568;i:0;i:1569;i:3;i:1570;i:4;i:1571;i:0;i:1572;i:0;i:1573;i:0;}', 'b:0;', 'n', 15),
(274, 3, 'mp', '<p>During the past week, how much of the time has your physical health or emotional problems interfered with your social activities (like visiting friends, relatives, etc)?</p>', NULL, NULL, 'a:6:{i:1544;i:2;i:1545;i:0;i:1546;i:1;i:1547;i:0;i:1548;i:0;i:1549;i:1;}', '', 'n', 30),
(272, 3, 'mp', '<p>How much of the time in the past week did you have a lot of energy?</p>', NULL, NULL, 'a:6:{i:1532;i:3;i:1533;i:0;i:1534;i:0;i:1535;i:0;i:1536;i:0;i:1537;i:1;}', '', 'n', 28),
(273, 3, 'mp', '<p>How much of the time in the past week did you feel downhearted and blue?</p>', NULL, NULL, 'a:6:{i:1538;i:2;i:1539;i:0;i:1540;i:1;i:1541;i:0;i:1542;i:0;i:1543;i:1;}', '', 'n', 29),
(271, 3, 'mp', '<p>How much time in the past week have you felt calm and peaceful?</p>', NULL, NULL, 'a:6:{i:1526;i:3;i:1527;i:0;i:1528;i:0;i:1529;i:0;i:1530;i:0;i:1531;i:1;}', '', 'n', 27),
(270, 3, 'mp', '<p>In the last month, how often have you felt difficulties wer piling up so high that you could not overcome them?</p>', NULL, NULL, 'a:5:{i:1521;i:3;i:1522;i:0;i:1523;i:0;i:1524;i:0;i:1525;i:1;}', '', 'n', 26),
(268, 3, 'mp', '<p>In the last week, how often have you felt that you were on top of things?</p>', NULL, NULL, 'a:5:{i:1511;i:2;i:1512;i:0;i:1513;i:1;i:1514;i:0;i:1515;i:1;}', '', 'n', 24),
(269, 3, 'mp', '<p>In the last week, how often have you been angered because of things that were outside of your control?</p>', NULL, NULL, 'a:5:{i:1516;i:2;i:1517;i:1;i:1518;i:0;i:1519;i:0;i:1520;i:1;}', '', 'n', 25),
(267, 3, 'mp', '<p>In the last week, how often have you been able to control irritations in your life?</p>', NULL, NULL, 'a:5:{i:1506;i:4;i:1507;i:0;i:1508;i:0;i:1509;i:0;i:1510;i:0;}', '', 'n', 23),
(264, 3, 'mp', '<p>In the last week, how often have you felt confident about your ability to handle your personal problems?</p>', NULL, NULL, 'a:5:{i:1491;i:6;i:1492;i:1;i:1493;i:0;i:1494;i:0;i:1495;i:4;}', '', 'n', 20),
(263, 3, 'mp', '<p>In the last week, how often have you felt nervous and stressed?</p>', NULL, NULL, 'a:5:{i:1486;i:7;i:1487;i:0;i:1488;i:0;i:1489;i:0;i:1490;i:4;}', '', 'n', 19),
(262, 3, 'mp', '<p>In the last week, how often have you felt that you were unable to control the important things in your life?</p>', NULL, NULL, 'a:5:{i:1481;i:6;i:1482;i:1;i:1483;i:0;i:1484;i:1;i:1485;i:2;}', '', 'n', 18),
(278, 3, 'mp', '<p>How many Families Anonymous meetings have you attended in the past 7 days?</p>', NULL, NULL, 'a:8:{i:1574;i:0;i:1575;i:0;i:1576;i:1;i:1577;i:3;i:1578;i:3;i:1579;i:1;i:1580;i:0;i:1581;i:0;}', 'b:0;', 'n', 16),
(295, 4, 'mp', '<p>During the past week, how many days did you go without using any alcohol, marijuana, or other drugs?</p>', NULL, NULL, 'a:8:{i:1607;i:2;i:1608;i:3;i:1609;i:0;i:1610;i:1;i:1611;i:2;i:1612;i:2;i:1613;i:0;i:1614;i:1;}', 'b:0;', 'n', 1),
(255, 3, 'mp', '<p>How many Wednesday night ARMS Parent Group Meetings have you attended in the past 7 days?</p>', NULL, NULL, 'a:2:{i:1434;i:32;i:1435;i:4;}', '', 'n', 11),
(253, 3, 'ma', '<p>During the past 7 days, how many of the following mutual-help group meetings have you attended? Please check all that apply</p>', NULL, NULL, 'a:8:{i:1425;i:28;i:1426;i:34;i:1427;i:25;i:1428;i:8;i:1429;i:3;i:1430;i:1;i:1431;i:1;s:14:"_total_selects";i:38;}', '', 'n', 9),
(252, 3, 'mp', '<p>Is your son/daughter/loved one currently engaged in recovery from an alcohol and/or drug-related problem?</p>', NULL, NULL, 'a:2:{i:1423;i:32;i:1424;i:7;}', '', 'n', 8),
(254, 3, 'mp', '<p>How many Monday night ARMS Parent Group meetings have you attended in the past 7 days?</p>', NULL, NULL, 'a:2:{i:1432;i:19;i:1433;i:18;}', '', 'n', 10),
(250, 3, 'mp', '<p>Has your son/daughter/loved one ever received treatment for an alcohol and/or drug-related problem?</p>', NULL, NULL, 'a:2:{i:1419;i:27;i:1420;i:12;}', '', 'n', 6),
(246, 3, 'mp', '<p>How competent do you feel in your ability to effectively help your son/daughter/loved one with their alcohol and/or drug-related problem?<br /><br />1 = Not at all competent<br />2 = Very competent</p>', NULL, NULL, 'a:10:{i:1379;i:25;i:1380;i:2;i:1381;i:3;i:1382;i:3;i:1383;i:1;i:1384;i:1;i:1385;i:2;i:1386;i:2;i:1387;i:1;i:1388;i:1;}', '', 'n', 2),
(247, 3, 'mp', '<p>How comfortable do you feel in your ability to communicate with your son/daughter/loved one with their alcohol and/or drug-related problem?<br /><br />1 = Not at all comfortable<br />2 = Very comfortable</p>', NULL, NULL, 'a:10:{i:1389;i:24;i:1390;i:1;i:1391;i:0;i:1392;i:3;i:1393;i:2;i:1394;i:3;i:1395;i:1;i:1396;i:4;i:1397;i:1;i:1398;i:2;}', '', 'n', 3),
(248, 3, 'mp', '<p>How well are you able to cope with your son/daughter/loved one''s alcohol and/or drug-related problem?<br /><br />1 = Not able to cope at all<br />2 = Able to cope very well</p>', NULL, NULL, 'a:10:{i:1399;i:27;i:1400;i:4;i:1401;i:1;i:1402;i:5;i:1403;i:0;i:1404;i:1;i:1405;i:2;i:1406;i:0;i:1407;i:1;i:1408;i:0;}', '', 'n', 4),
(249, 3, 'mp', '<p>How bothered/stressed are you by your son/daughter/loved one''s alcohol and/or drug-related problem?<br /><br />1 = Not at all<br />2 = Very much</p>', NULL, NULL, 'a:10:{i:1409;i:11;i:1410;i:3;i:1411;i:3;i:1412;i:3;i:1413;i:3;i:1414;i:1;i:1415;i:1;i:1416;i:0;i:1417;i:1;i:1418;i:14;}', '', 'n', 5),
(266, 3, 'mp', '<p>In the last week, how often have you found that you could not cope with all the things you had to do?</p>', NULL, NULL, 'a:5:{i:1501;i:4;i:1502;i:0;i:1503;i:1;i:1504;i:0;i:1505;i:0;}', '', 'n', 22),
(276, 3, 'mp', '<p>How many Nar-Anon meetings have you attended in the past 7 days?</p>', NULL, NULL, 'a:8:{i:1558;i:1;i:1559;i:2;i:1560;i:4;i:1561;i:1;i:1562;i:1;i:1563;i:0;i:1564;i:1;i:1565;i:0;}', 'b:0;', 'n', 14),
(275, 3, 'mp', '<p>How many Al-Anon meetings have you attended in the past 7 days?</p>', NULL, NULL, 'a:8:{i:1550;i:1;i:1551;i:3;i:1552;i:5;i:1553;i:2;i:1554;i:0;i:1555;i:0;i:1556;i:0;i:1557;i:0;}', 'b:0;', 'n', 13),
(265, 3, 'mp', '<p>In the last week, how often have you felt that things were going your way?</p>', NULL, NULL, 'a:5:{i:1496;i:7;i:1497;i:0;i:1498;i:0;i:1499;i:0;i:1500;i:2;}', '', 'n', 21),
(261, 3, 'mp', '<p>In the last week, how often have you been upset because of something that has happened unexpectedly?</p>', NULL, NULL, 'a:5:{i:1476;i:5;i:1477;i:0;i:1478;i:4;i:1479;i:0;i:1480;i:1;}', '', 'n', 17),
(256, 3, 'mp', '<p>How many ARMS Parent Coaching sessions have you attended in the past 7 days?</p>', NULL, NULL, 'a:8:{i:1436;i:16;i:1437;i:2;i:1438;i:5;i:1439;i:12;i:1440;i:0;i:1441;i:0;i:1442;i:0;i:1443;i:0;}', 'b:0;', 'n', 12);
INSERT INTO `survey_question` (`id`, `survey_id`, `question_type`, `question`, `choices`, `statistics`, `stats`, `attachment`, `is_required`, `order_by`) VALUES
(251, 3, 'mp', '<p>Is your son/daughter/loved one currently engaged in treatment for an alcohol and/or drug-related problem?</p>', NULL, NULL, 'a:2:{i:1421;i:35;i:1422;i:4;}', '', 'n', 7),
(245, 3, 'mp', '<p>How well do you understand the nature of addiction and/or drug-related problems?<br /><br />1 = Not well at all<br />10 = Very well</p>', NULL, NULL, 'a:10:{i:1369;i:36;i:1370;i:4;i:1371;i:0;i:1372;i:0;i:1373;i:0;i:1374;i:0;i:1375;i:1;i:1376;i:0;i:1377;i:0;i:1378;i:1;}', 'b:0;', 'n', 1),
(322, 100, 'tf', '<p>Question</p>', NULL, NULL, 'a:2:{s:1:"t";i:1;s:1:"f";i:0;}', '', 'n', 4);

-- --------------------------------------------------------

--
-- Table structure for table `survey_results`
--

CREATE TABLE `survey_results` (
  `id` bigint(20) UNSIGNED NOT NULL,
  `survey_id` bigint(20) UNSIGNED NOT NULL,
  `date_taken` timestamp NULL DEFAULT NULL,
  `ip_address` text,
  `event_id` int(11) NOT NULL,
  `patient_id` int(11) NOT NULL
) ENGINE=MyISAM DEFAULT CHARSET=utf8;

--
-- Dumping data for table `survey_results`
--

INSERT INTO `survey_results` (`id`, `survey_id`, `date_taken`, `ip_address`, `event_id`, `patient_id`) VALUES
(18, 1, '2015-09-14 20:31:55', '132.183.13.77', 18, 3),
(148, 100, '2016-02-11 08:06:17', '73.253.110.108', 0, 0),
(19, 1, '2015-09-14 20:31:55', '132.183.13.77', 18, 3),
(20, 1, '2015-09-14 20:32:02', '132.183.13.77', 18, 3),
(21, 1, '2015-09-14 20:32:02', '132.183.13.77', 18, 3),
(143, 2, '2016-02-09 20:34:21', '18.189.94.120', 32, 3),
(144, 4, '2016-02-09 20:36:01', '18.189.94.120', 38, 3),
(24, 3, '2015-09-14 20:44:46', '132.183.13.77', 18, 3),
(25, 3, '2015-09-14 20:44:46', '132.183.13.77', 18, 3),
(26, 3, '2015-09-14 22:47:45', '132.183.13.77', 18, 3),
(27, 3, '2015-09-14 22:47:46', '132.183.13.77', 18, 3),
(30, 3, '2015-09-16 18:51:46', '64.238.130.186', 22, 3),
(31, 3, '2015-09-16 18:52:11', '64.238.130.186', 22, 3),
(32, 3, '2015-09-16 18:52:41', '64.238.130.186', 22, 3),
(33, 3, '2015-09-16 18:54:47', '64.238.130.186', 22, 3),
(34, 3, '2015-09-16 18:55:03', '64.238.130.186', 22, 3),
(35, 3, '2015-09-16 18:56:57', '64.238.130.186', 0, 0),
(36, 3, '2015-09-16 18:57:38', '64.238.130.186', 0, 0),
(42, 3, '2015-09-18 00:19:16', '64.238.130.186', 26, 4),
(43, 3, '2015-09-21 12:13:52', '50.153.149.46', 0, 0),
(44, 3, '2015-09-21 12:25:32', '50.153.149.46', 0, 0),
(45, 9, '2015-09-21 12:28:01', '50.153.149.46', 0, 0),
(46, 3, '2015-09-21 12:31:59', '50.153.149.46', 0, 0),
(81, 3, '2015-09-21 13:23:01', '50.153.149.46', 0, 0),
(80, 3, '2015-09-21 13:22:09', '50.153.149.46', 0, 0),
(79, 3, '2015-09-21 13:21:36', '50.153.149.46', 0, 0),
(78, 3, '2015-09-21 13:20:30', '50.153.149.46', 0, 0),
(77, 3, '2015-09-21 13:18:51', '50.153.149.46', 0, 0),
(76, 3, '2015-09-21 13:12:11', '50.153.149.46', 0, 0),
(75, 3, '2015-09-21 13:08:56', '50.153.149.46', 0, 0),
(74, 3, '2015-09-21 13:06:52', '50.153.149.46', 0, 0),
(73, 3, '2015-09-21 13:06:00', '50.153.149.46', 0, 0),
(72, 3, '2015-09-21 13:05:08', '50.153.149.46', 0, 0),
(71, 3, '2015-09-21 13:04:18', '50.153.149.46', 0, 0),
(70, 3, '2015-09-21 13:03:06', '50.153.149.46', 0, 0),
(69, 3, '2015-09-21 13:00:22', '50.153.149.46', 0, 0),
(68, 3, '2015-09-21 12:56:28', '50.153.149.46', 0, 0),
(67, 3, '2015-09-21 12:55:06', '50.153.149.46', 0, 0),
(66, 3, '2015-09-21 12:52:59', '50.153.149.46', 0, 0),
(65, 3, '2015-09-21 12:49:17', '50.153.149.46', 0, 0),
(64, 3, '2015-09-21 12:44:25', '50.153.149.46', 0, 0),
(82, 3, '2015-09-21 13:23:48', '50.153.149.46', 0, 0),
(83, 3, '2015-09-21 13:24:21', '50.153.149.46', 0, 0),
(84, 3, '2015-09-21 13:24:54', '50.153.149.46', 0, 0),
(85, 3, '2015-09-21 13:25:22', '50.153.149.46', 0, 0),
(86, 3, '2015-09-21 13:25:59', '50.153.149.46', 0, 0),
(87, 3, '2015-09-21 13:27:23', '50.153.149.46', 0, 0),
(88, 3, '2015-09-21 13:29:04', '50.153.149.46', 0, 0),
(89, 3, '2015-09-21 13:32:33', '50.153.149.46', 0, 0),
(90, 3, '2015-09-21 13:39:38', '50.153.149.46', 0, 0),
(91, 3, '2015-09-21 13:42:30', '50.153.149.46', 0, 0),
(92, 3, '2015-09-21 13:42:42', '50.153.149.46', 0, 0),
(93, 3, '2015-09-21 13:42:54', '50.153.149.46', 0, 0),
(94, 3, '2015-09-21 13:43:04', '50.153.149.46', 0, 0),
(95, 3, '2015-09-21 13:43:13', '50.153.149.46', 0, 0),
(96, 3, '2015-09-21 13:45:34', '50.153.149.46', 0, 0),
(97, 3, '2015-09-21 13:47:22', '50.153.149.46', 0, 0),
(98, 3, '2015-09-21 13:48:55', '50.153.149.46', 0, 0),
(99, 3, '2015-09-21 13:50:30', '50.153.149.46', 0, 0),
(100, 3, '2015-09-21 13:55:06', '50.153.149.46', 0, 0),
(101, 3, '2015-09-21 14:04:13', '50.153.149.46', 0, 0),
(104, 1, '2015-09-22 16:48:56', '105.230.126.213', 0, 0),
(105, 3, '2015-09-24 00:49:05', '64.238.130.186', 0, 0),
(106, 3, '2015-09-24 00:53:20', '64.238.130.186', 0, 0),
(107, 3, '2015-09-24 01:09:22', '64.238.130.186', 0, 0),
(108, 3, '2015-09-24 01:13:32', '64.238.130.186', 0, 0),
(109, 3, '2015-09-24 01:14:01', '64.238.130.186', 0, 0),
(110, 1, '2015-09-24 19:50:50', '50.245.61.139', 26, 4),
(112, 1, '2015-09-29 17:27:36', '132.183.13.77', 27, 0),
(145, 4, '2016-02-09 20:44:05', '18.189.94.120', 39, 3),
(146, 4, '2016-02-09 20:51:45', '18.189.94.120', 40, 3),
(116, 1, '2015-10-06 21:00:33', '132.183.13.77', 28, 0),
(117, 1, '2015-10-29 19:26:32', '132.183.13.77', 31, 14),
(128, 100, '2015-12-21 02:18:16', '73.253.110.108', 33, 3),
(127, 100, '2015-12-21 01:37:37', '73.253.110.108', 33, 3),
(147, 4, '2016-02-10 22:21:19', '155.52.208.83', 40, 3),
(152, 100, '2016-03-28 22:13:54', '199.52.13.253', 42, 3),
(151, 2, '2016-02-19 22:41:04', '132.183.4.10', 40, 3),
(133, 100, '2015-12-21 23:19:35', '50.245.55.219', 35, 3),
(134, 100, '2015-12-23 01:52:44', '18.111.89.161', 36, 3),
(135, 100, '2015-12-23 01:53:13', '18.111.89.161', 36, 3),
(136, 100, '2016-01-07 02:42:16', '18.111.66.115', 33, 3),
(137, 100, '2016-01-07 02:43:23', '18.111.66.115', 33, 3),
(138, 100, '2016-01-26 09:16:02', '73.253.110.108', 0, 0),
(139, 100, '2016-01-26 09:27:06', '73.253.110.108', 32, 3),
(149, 4, '2016-02-11 08:17:31', '73.253.110.108', 40, 3),
(150, 100, '2016-02-19 22:18:39', '155.52.208.86', 40, 3);

-- --------------------------------------------------------

--
-- Table structure for table `survey_survey`
--

CREATE TABLE `survey_survey` (
  `id` bigint(20) UNSIGNED NOT NULL,
  `title` text,
  `description` longtext,
  `date_created` timestamp NULL DEFAULT NULL,
  `status` varchar(20) DEFAULT NULL,
  `email` text,
  `redirect_url` text,
  `daily_limit` int(11) DEFAULT NULL,
  `total_limit` int(11) DEFAULT NULL,
  `is_locked` int(1) NOT NULL DEFAULT '0'
) ENGINE=MyISAM DEFAULT CHARSET=utf8;

--
-- Dumping data for table `survey_survey`
--

INSERT INTO `survey_survey` (`id`, `title`, `description`, `date_created`, `status`, `email`, `redirect_url`, `daily_limit`, `total_limit`, `is_locked`) VALUES
(1, 'Parent Intake', '<p>Baseline Survey for the parent / guardian</p>', '2015-08-31 01:23:59', 'published', 'n', '/survey/thanks.php', 0, 0, 0),
(2, 'Patient Intake', '<p>Baseline Survey - Patient</p>', '2015-08-31 01:27:10', 'published', 'n', '/survey/thanks.php', 0, 0, 0),
(3, 'Parent Follow Up Survey', '<p>The following questions refer to the last 7 days.</p>', '2015-09-21 12:43:17', 'published', 'n', '/survey/thanks.php', 0, 0, 0),
(4, 'Patient Follow Up Survey', '<p>The following questions refer to the last 7 days</p>', '2015-08-31 01:27:35', 'published', 'n', '/survey/thanks.php', 0, 0, 0),
(100, 'TEST', '<p>radio button</p>', '2015-12-20 23:47:22', 'published', 'n', '/survey/thanks.php', 0, 0, 0);

-- --------------------------------------------------------

--
-- Table structure for table `tablets`
--

CREATE TABLE `tablets` (
  `id` int(11) NOT NULL,
  `name` text NOT NULL,
  `address` varchar(255) NOT NULL
) ENGINE=MyISAM DEFAULT CHARSET=utf8;

--
-- Dumping data for table `tablets`
--

INSERT INTO `tablets` (`id`, `name`, `address`) VALUES
(1, 'Tablet 1', ''),
(2, 'Tablet 2', ''),
(3, 'Tablet 3', ''),
(4, 'Tablet 4', ''),
(5, 'Tablet 5', '12345567890');

-- --------------------------------------------------------

--
-- Table structure for table `usertypes`
--

CREATE TABLE `usertypes` (
  `usertype_id` int(11) NOT NULL,
  `usertype_name` text NOT NULL
) ENGINE=MyISAM DEFAULT CHARSET=utf8;

-- --------------------------------------------------------

--
-- Table structure for table `user_failed_logins`
--

CREATE TABLE `user_failed_logins` (
  `id` int(11) NOT NULL,
  `user_id` varchar(200) NOT NULL,
  `attempted_at` datetime NOT NULL,
  `ip_address` varchar(22) NOT NULL
) ENGINE=InnoDB DEFAULT CHARSET=latin1;

--
-- Dumping data for table `user_failed_logins`
--

INSERT INTO `user_failed_logins` (`id`, `user_id`, `attempted_at`, `ip_address`) VALUES
(151, 'skylerdesign@gmail.com', '2016-03-22 19:30:36', '18.189.80.170'),
(152, 'skylerdesign@gmail.com', '2016-03-22 19:32:18', '18.189.80.170'),
(153, 'skylerdesign@gmail.com', '2016-03-22 19:33:09', '18.189.80.170'),
(154, 'skylerdesign@gmail.com', '2016-03-22 19:35:41', '18.189.80.170'),
(155, 'skylerdesign@gmail.com', '2016-03-22 19:36:08', '18.189.80.170'),
(156, 'skylerdesign@gmail.com', '2016-03-22 19:36:33', '18.189.80.170'),
(157, 'skylerdesign@gmail.com', '2016-03-22 19:37:03', '18.189.80.170'),
(158, 'skylerdesign@gmail.com', '2016-03-22 19:38:36', '18.189.80.170'),
(159, 'skylerdesign@gmail.com', '2016-03-22 19:39:17', '18.189.80.170'),
(160, 'skylerdesign@gmail.com', '2016-03-22 19:41:02', '18.189.80.170'),
(161, 'skylerdesign@gmail.com', '2016-03-22 19:41:24', '18.189.80.170'),
(162, 'skylerdesign@gmail.com', '2016-03-22 19:42:21', '18.189.80.170'),
(163, 'skylerdesign@gmail.com', '2016-03-22 19:42:55', '18.189.80.170'),
(164, 'skylerdesign@gmail.com', '2016-03-22 19:45:56', '18.189.80.170'),
(165, 'skylerdesign@gmail.com', '2016-03-22 19:53:54', '18.189.80.170'),
(166, 'skylerdesign@gmail.com', '2016-03-22 19:56:21', '18.189.80.170'),
(167, 'skylerdesign@gmail.com', '2016-03-22 19:57:09', '18.189.80.170'),
(168, 'skylerdesign@gmail.com', '2016-03-22 19:57:12', '18.189.80.170'),
(169, 'skylerdesign@gmail.com', '2016-03-22 20:00:25', '18.189.80.170'),
(170, 'skylerdesign@gmail.com', '2016-03-22 20:00:29', '18.189.80.170'),
(171, 'skylerdesign@gmail.com', '2016-03-22 20:01:21', '18.189.80.170'),
(172, 'skylerdesign@gmail.com', '2016-03-22 20:01:24', '18.189.80.170'),
(173, 'skylerdesign@gmail.com', '2016-03-22 20:01:47', '18.189.80.170'),
(174, 'skylerdesign@gmail.com', '2016-03-22 20:02:05', '18.189.80.170'),
(175, 'skylerdesign@gmail.com', '2016-03-22 20:04:15', '18.189.80.170'),
(176, 'skylerdesign@gmail.com', '2016-03-22 20:04:50', '18.189.80.170'),
(177, 'skylerdesign@gmail.com', '2016-03-22 20:04:58', '18.189.80.170'),
(178, 'skylerdesign@gmail.com', '2016-03-22 20:05:02', '18.189.80.170'),
(179, 'skylerdesign@gmail.com', '2016-03-22 20:05:11', '18.189.80.170'),
(180, 'skylerdesign@gmail.com', '2016-03-22 20:05:48', '18.189.80.170'),
(181, 'skylerdesign@gmail.com', '2016-03-22 20:05:59', '18.189.80.170'),
(182, 'skylerdesign@gmail.com', '2016-03-22 20:06:13', '18.189.80.170'),
(183, 'skylerdesign@gmail.com', '2016-03-22 20:07:03', '18.189.80.170'),
(184, 'skylerdesign@gmail.com', '2016-03-22 20:07:45', '18.189.80.170'),
(185, 'skylerdesign@gmail.com', '2016-03-22 20:08:14', '18.189.80.170'),
(186, 'skylerdesign@gmail.com', '2016-03-22 20:09:08', '18.189.80.170'),
(187, 'skylerdesign@gmail.com', '2016-03-22 20:09:13', '18.189.80.170'),
(188, 'skylerdesign@gmail.com', '2016-03-22 20:10:15', '18.189.80.170'),
(189, 'skylerdesign@gmail.com', '2016-03-22 20:10:40', '18.189.80.170'),
(190, 'skylerdesign@gmail.com', '2016-03-22 20:26:58', '18.189.80.170'),
(191, 'skylerdesign@gmail.com', '2016-03-22 20:28:09', '18.189.80.170'),
(192, 'skylerdesign@gmail.com', '2016-03-22 20:29:44', '18.189.80.170'),
(193, 'skylerdesign@gmail.com', '2016-03-22 20:30:09', '18.189.80.170'),
(194, 'skylerdesign@gmail.com', '2016-03-22 20:30:12', '18.189.80.170'),
(195, 'skylerdesign@gmail.com', '2016-03-22 20:30:51', '18.189.80.170'),
(196, 'skylerdesign@gmail.com', '2016-03-22 20:31:20', '18.189.80.170'),
(197, 'skylerdesign@gmail.com', '2016-03-22 20:33:12', '18.189.80.170'),
(198, 'skylerdesign@gmail.com', '2016-03-22 20:33:38', '18.189.80.170'),
(199, 'skylerdesign@gmail.com', '2016-03-22 20:33:53', '18.189.80.170'),
(200, 'skylerdesign@gmail.com', '2016-03-22 20:34:02', '18.189.80.170'),
(201, 'skylerdesign@gmail.com', '2016-03-22 20:34:05', '18.189.80.170'),
(202, 'skylerdesign@gmail.com', '2016-03-28 02:23:51', '73.253.110.108'),
(203, 'skylerdesign@gmail.com', '2016-03-28 02:24:31', '73.253.110.108'),
(204, 'skylerdesign@gmail.com', '2016-03-28 02:28:34', '73.253.110.108'),
(205, 'skylerdesign@gmail.com', '2016-03-28 02:29:33', '73.253.110.108'),
(206, 'skylerdesign@gmail.com', '2016-03-28 02:29:39', '73.253.110.108'),
(207, 'skylerdesign@gmail.com', '2016-03-28 02:29:56', '73.253.110.108'),
(208, 'skylerdesign@gmail.com', '2016-03-28 02:31:02', '73.253.110.108'),
(209, 'skylerdesign@gmail.com', '2016-03-28 02:31:07', '73.253.110.108'),
(210, 'skylerdesign@gmail.com', '2016-03-28 02:31:36', '73.253.110.108'),
(211, 'skylerdesign@gmail.com', '2016-03-28 02:31:42', '73.253.110.108'),
(212, 'skylerdesign@gmail.com', '2016-03-28 02:32:03', '73.253.110.108'),
(213, 'skylerdesign@gmail.com', '2016-03-28 02:32:09', '73.253.110.108'),
(214, 'skylerdesign@gmail.com', '2016-03-28 02:32:39', '73.253.110.108'),
(215, 'skylerdesign@gmail.com', '2016-03-28 02:33:37', '73.253.110.108'),
(216, 'skylerdesign@gmail.com', '2016-03-28 02:34:24', '73.253.110.108'),
(217, 'skylerdesign@gmail.com', '2016-03-28 02:35:19', '73.253.110.108'),
(218, 'skylerdesign@gmail.com', '2016-03-28 02:43:00', '73.253.110.108');

-- --------------------------------------------------------

--
-- Table structure for table `user_login_attempts`
--

CREATE TABLE `user_login_attempts` (
  `id` int(11) NOT NULL,
  `ip_address` varchar(20) NOT NULL,
  `login_attempts` varchar(11) NOT NULL,
  `last_login` datetime NOT NULL
) ENGINE=MyISAM DEFAULT CHARSET=utf8;

--
-- Dumping data for table `user_login_attempts`
--

INSERT INTO `user_login_attempts` (`id`, `ip_address`, `login_attempts`, `last_login`) VALUES
(1, '18.189.80.170', '0', '2016-03-22 16:34:05'),
(2, '73.253.110.108', '0', '2016-03-27 22:43:00');

--
-- Indexes for dumped tables
--

--
-- Indexes for table `clinics`
--
ALTER TABLE `clinics`
  ADD PRIMARY KEY (`id`),
  ADD UNIQUE KEY `clinic_id` (`id`);

--
-- Indexes for table `events`
--
ALTER TABLE `events`
  ADD PRIMARY KEY (`id`);

--
-- Indexes for table `junction_relationships`
--
ALTER TABLE `junction_relationships`
  ADD PRIMARY KEY (`id`);

--
-- Indexes for table `roles`
--
ALTER TABLE `roles`
  ADD PRIMARY KEY (`role_id`);

--
-- Indexes for table `surveystatus`
--
ALTER TABLE `surveystatus`
  ADD PRIMARY KEY (`surveystatus_id`);

--
-- Indexes for table `survey_admin`
--
ALTER TABLE `survey_admin`
  ADD PRIMARY KEY (`id`);

--
-- Indexes for table `survey_answers`
--
ALTER TABLE `survey_answers`
  ADD PRIMARY KEY (`id`);

--
-- Indexes for table `survey_choices`
--
ALTER TABLE `survey_choices`
  ADD PRIMARY KEY (`id`);

--
-- Indexes for table `survey_junction`
--
ALTER TABLE `survey_junction`
  ADD PRIMARY KEY (`id`),
  ADD UNIQUE KEY `id` (`id`),
  ADD KEY `id_2` (`id`);

--
-- Indexes for table `survey_question`
--
ALTER TABLE `survey_question`
  ADD PRIMARY KEY (`id`);

--
-- Indexes for table `survey_results`
--
ALTER TABLE `survey_results`
  ADD PRIMARY KEY (`id`);

--
-- Indexes for table `survey_survey`
--
ALTER TABLE `survey_survey`
  ADD PRIMARY KEY (`id`);

--
-- Indexes for table `tablets`
--
ALTER TABLE `tablets`
  ADD PRIMARY KEY (`id`);

--
-- Indexes for table `usertypes`
--
ALTER TABLE `usertypes`
  ADD PRIMARY KEY (`usertype_id`);

--
-- Indexes for table `user_failed_logins`
--
ALTER TABLE `user_failed_logins`
  ADD PRIMARY KEY (`id`);

--
-- Indexes for table `user_login_attempts`
--
ALTER TABLE `user_login_attempts`
  ADD PRIMARY KEY (`id`),
  ADD UNIQUE KEY `id` (`id`);

--
-- AUTO_INCREMENT for dumped tables
--

--
-- AUTO_INCREMENT for table `clinics`
--
ALTER TABLE `clinics`
  MODIFY `id` int(11) NOT NULL AUTO_INCREMENT, AUTO_INCREMENT=11;
--
-- AUTO_INCREMENT for table `events`
--
ALTER TABLE `events`
  MODIFY `id` int(11) NOT NULL AUTO_INCREMENT, AUTO_INCREMENT=44;
--
-- AUTO_INCREMENT for table `junction_relationships`
--
ALTER TABLE `junction_relationships`
  MODIFY `id` int(11) NOT NULL AUTO_INCREMENT, AUTO_INCREMENT=44;
--
-- AUTO_INCREMENT for table `roles`
--
ALTER TABLE `roles`
  MODIFY `role_id` int(11) NOT NULL AUTO_INCREMENT, AUTO_INCREMENT=5;
--
-- AUTO_INCREMENT for table `surveystatus`
--
ALTER TABLE `surveystatus`
  MODIFY `surveystatus_id` int(11) NOT NULL AUTO_INCREMENT;
--
-- AUTO_INCREMENT for table `survey_admin`
--
ALTER TABLE `survey_admin`
  MODIFY `id` bigint(20) UNSIGNED NOT NULL AUTO_INCREMENT, AUTO_INCREMENT=37;
--
-- AUTO_INCREMENT for table `survey_answers`
--
ALTER TABLE `survey_answers`
  MODIFY `id` bigint(20) UNSIGNED NOT NULL AUTO_INCREMENT, AUTO_INCREMENT=3038;
--
-- AUTO_INCREMENT for table `survey_choices`
--
ALTER TABLE `survey_choices`
  MODIFY `id` bigint(20) UNSIGNED NOT NULL AUTO_INCREMENT, AUTO_INCREMENT=1787;
--
-- AUTO_INCREMENT for table `survey_junction`
--
ALTER TABLE `survey_junction`
  MODIFY `id` int(11) NOT NULL AUTO_INCREMENT, AUTO_INCREMENT=8;
--
-- AUTO_INCREMENT for table `survey_question`
--
ALTER TABLE `survey_question`
  MODIFY `id` bigint(20) UNSIGNED NOT NULL AUTO_INCREMENT, AUTO_INCREMENT=323;
--
-- AUTO_INCREMENT for table `survey_results`
--
ALTER TABLE `survey_results`
  MODIFY `id` bigint(20) UNSIGNED NOT NULL AUTO_INCREMENT, AUTO_INCREMENT=153;
--
-- AUTO_INCREMENT for table `survey_survey`
--
ALTER TABLE `survey_survey`
  MODIFY `id` bigint(20) UNSIGNED NOT NULL AUTO_INCREMENT, AUTO_INCREMENT=101;
--
-- AUTO_INCREMENT for table `tablets`
--
ALTER TABLE `tablets`
  MODIFY `id` int(11) NOT NULL AUTO_INCREMENT, AUTO_INCREMENT=7;
--
-- AUTO_INCREMENT for table `usertypes`
--
ALTER TABLE `usertypes`
  MODIFY `usertype_id` int(11) NOT NULL AUTO_INCREMENT;
--
-- AUTO_INCREMENT for table `user_failed_logins`
--
ALTER TABLE `user_failed_logins`
  MODIFY `id` int(11) NOT NULL AUTO_INCREMENT, AUTO_INCREMENT=219;
--
-- AUTO_INCREMENT for table `user_login_attempts`
--
ALTER TABLE `user_login_attempts`
  MODIFY `id` int(11) NOT NULL AUTO_INCREMENT, AUTO_INCREMENT=3;
/*!40101 SET CHARACTER_SET_CLIENT=@OLD_CHARACTER_SET_CLIENT */;
/*!40101 SET CHARACTER_SET_RESULTS=@OLD_CHARACTER_SET_RESULTS */;
/*!40101 SET COLLATION_CONNECTION=@OLD_COLLATION_CONNECTION */;
